0, 0, 0, 0, 0.02, 0.015, 0.01, 0.03, 0.04, 0.07, 0.205, 0.22, 0.32, 0.425, 0.48, 0.555, 0.66, 0.665, 0.755, 0.735
0, 0, 0, 0.01, 0, 0.025, 0.02, 0.04, 0.085, 0.17, 0.195, 0.27, 0.385, 0.5, 0.515, 0.525, 0.63, 0.67, 0.715, 0.75
0, 0.005, 0.005, 0.005, 0.035, 0.015, 0.075, 0.09, 0.12, 0.22, 0.28, 0.285, 0.41, 0.475, 0.545, 0.615, 0.62, 0.77, 0.68, 0.78
0.005, 0.005, 0, 0.01, 0.035, 0.065, 0.08, 0.12, 0.14, 0.235, 0.285, 0.385, 0.41, 0.495, 0.53, 0.675, 0.695, 0.715, 0.785, 0.725
0.005, 0.005, 0.015, 0.01, 0.035, 0.055, 0.06, 0.095, 0.19, 0.18, 0.315, 0.4, 0.465, 0.5, 0.59, 0.605, 0.68, 0.645, 0.705, 0.71
0, 0, 0.01, 0.015, 0.025, 0.085, 0.135, 0.105, 0.235, 0.315, 0.315, 0.44, 0.475, 0.57, 0.605, 0.635, 0.615, 0.65, 0.63, 0.52
0, 0.005, 0, 0.015, 0.03, 0.035, 0.125, 0.145, 0.245, 0.33, 0.355, 0.425, 0.51, 0.555, 0.605, 0.64, 0.625, 0.615, 0.55, 0.515
0, 0.015, 0.01, 0.035, 0.04, 0.09, 0.14, 0.21, 0.265, 0.37, 0.375, 0.49, 0.515, 0.555, 0.57, 0.58, 0.58, 0.56, 0.54, 0.455
0, 0.005, 0, 0.04, 0.07, 0.09, 0.14, 0.25, 0.27, 0.285, 0.435, 0.5, 0.53, 0.555, 0.595, 0.52, 0.54, 0.485, 0.4, 0.365
0.015, 0.005, 0.055, 0.065, 0.055, 0.095, 0.205, 0.23, 0.34, 0.405, 0.41, 0.475, 0.495, 0.515, 0.52, 0.51, 0.46, 0.38, 0.345, 0.355
0.005, 0.03, 0.04, 0.06, 0.08, 0.135, 0.185, 0.255, 0.325, 0.41, 0.455, 0.47, 0.475, 0.505, 0.485, 0.425, 0.31, 0.3, 0.305, 0.3
0.005, 0.005, 0.025, 0.035, 0.08, 0.125, 0.265, 0.24, 0.29, 0.395, 0.38, 0.445, 0.465, 0.45, 0.38, 0.285, 0.265, 0.22, 0.175, 0.245
0, 0.015, 0.02, 0.065, 0.105, 0.14, 0.185, 0.28, 0.375, 0.43, 0.4, 0.395, 0.405, 0.405, 0.275, 0.2, 0.18, 0.17, 0.16, 0.14
0, 0.015, 0.015, 0.03, 0.105, 0.12, 0.21, 0.325, 0.26, 0.41, 0.495, 0.385, 0.335, 0.3, 0.17, 0.135, 0.095, 0.155, 0.105, 0.08
0.01, 0.02, 0.015, 0.07, 0.095, 0.185, 0.255, 0.25, 0.335, 0.335, 0.33, 0.335, 0.275, 0.145, 0.115, 0.085, 0.08, 0.055, 0.085, 0.06
0.005, 0.01, 0.025, 0.05, 0.08, 0.14, 0.215, 0.24, 0.275, 0.31, 0.275, 0.245, 0.165, 0.045, 0.075, 0.04, 0.035, 0.03, 0.015, 0.055
0.01, 0.025, 0.025, 0.055, 0.065, 0.145, 0.17, 0.245, 0.29, 0.225, 0.215, 0.16, 0.07, 0.05, 0.03, 0.035, 0.01, 0.015, 0.005, 0.035
0.005, 0.015, 0.025, 0.05, 0.09, 0.165, 0.145, 0.17, 0.175, 0.155, 0.115, 0.075, 0.035, 0.005, 0.01, 0.005, 0.02, 0.005, 0.005, 0.005
0, 0.005, 0.005, 0.06, 0.08, 0.09, 0.095, 0.125, 0.095, 0.09, 0.06, 0.005, 0.025, 0.01, 0.01, 0, 0, 0.005, 0, 0
0, 0, 0, 0.015, 0.025, 0.08, 0.03, 0.05, 0.065, 0.03, 0.005, 0.01, 0.01, 0, 0.005, 0, 0, 0, 0, 0
0, 0, 0, 0.01, 0.005, 0.01, 0.015, 0.01, 0.115, 0.125, 0.225, 0.345, 0.45, 0.555, 0.535, 0.585, 0.68, 0.79, 0.765, 0.785
0, 0, 0.005, 0.02, 0.025, 0.06, 0.06, 0.08, 0.11, 0.215, 0.34, 0.29, 0.495, 0.505, 0.585, 0.625, 0.75, 0.65, 0.795, 0.755
0.01, 0.005, 0, 0.025, 0.04, 0.045, 0.055, 0.13, 0.175, 0.25, 0.36, 0.39, 0.525, 0.585, 0.67, 0.67, 0.84, 0.75, 0.815, 0.775
0, 0.005, 0, 0.025, 0.035, 0.095, 0.07, 0.14, 0.235, 0.355, 0.365, 0.43, 0.54, 0.585, 0.64, 0.67, 0.655, 0.8, 0.69, 0.775
0, 0.015, 0.01, 0.035, 0.05, 0.08, 0.155, 0.185, 0.33, 0.34, 0.425, 0.43, 0.58, 0.58, 0.66, 0.695, 0.715, 0.73, 0.74, 0.77
0.01, 0.01, 0.015, 0.025, 0.08, 0.12, 0.175, 0.225, 0.335, 0.38, 0.405, 0.495, 0.675, 0.55, 0.675, 0.645, 0.715, 0.73, 0.745, 0.675
0.01, 0.02, 0.04, 0.03, 0.1, 0.115, 0.215, 0.29, 0.345, 0.36, 0.515, 0.535, 0.6, 0.66, 0.665, 0.695, 0.73, 0.67, 0.68, 0.64
0.015, 0.005, 0.025, 0.065, 0.15, 0.22, 0.225, 0.29, 0.43, 0.43, 0.52, 0.58, 0.605, 0.63, 0.68, 0.64, 0.66, 0.635, 0.645, 0.515
0.005, 0.02, 0.04, 0.08, 0.07, 0.185, 0.19, 0.3, 0.37, 0.485, 0.53, 0.575, 0.6, 0.63, 0.695, 0.65, 0.675, 0.55, 0.55, 0.435
0.025, 0.04, 0.05, 0.08, 0.115, 0.215, 0.275, 0.34, 0.425, 0.475, 0.56, 0.555, 0.62, 0.685, 0.63, 0.585, 0.6, 0.47, 0.46, 0.45
0.015, 0.035, 0.05, 0.07, 0.135, 0.225, 0.255, 0.31, 0.465, 0.46, 0.53, 0.56, 0.605, 0.59, 0.58, 0.585, 0.43, 0.395, 0.405, 0.345
0.015, 0.02, 0.03, 0.085, 0.155, 0.17, 0.335, 0.33, 0.425, 0.44, 0.495, 0.64, 0.55, 0.55, 0.59, 0.43, 0.365, 0.355, 0.26, 0.305
0.02, 0.035, 0.08, 0.13, 0.145, 0.185, 0.28, 0.39, 0.435, 0.525, 0.54, 0.585, 0.635, 0.52, 0.46, 0.315, 0.27, 0.19, 0.235, 0.235
0.02, 0.02, 0.085, 0.11, 0.15, 0.25, 0.3, 0.36, 0.43, 0.51, 0.51, 0.55, 0.51, 0.43, 0.23, 0.205, 0.135, 0.155, 0.15, 0.13
0.015, 0.02, 0.06, 0.115, 0.15, 0.25, 0.305, 0.405, 0.425, 0.455, 0.465, 0.425, 0.365, 0.275, 0.165, 0.17, 0.16, 0.14, 0.1, 0.085
0.015, 0.05, 0.105, 0.125, 0.195, 0.24, 0.38, 0.365, 0.345, 0.485, 0.46, 0.335, 0.255, 0.14, 0.1, 0.05, 0.05, 0.065, 0.06, 0.03
0.02, 0.02, 0.07, 0.1, 0.155, 0.27, 0.25, 0.385, 0.4, 0.365, 0.365, 0.21, 0.115, 0.09, 0.06, 0.015, 0.055, 0.025, 0.04, 0.015
0.01, 0.03, 0.05, 0.095, 0.16, 0.27, 0.25, 0.265, 0.305, 0.275, 0.23, 0.11, 0.055, 0.035, 0.01, 0.01, 0.01, 0.005, 0.015, 0.01
0.02, 0.03, 0.06, 0.11, 0.155, 0.2, 0.235, 0.235, 0.17, 0.205, 0.125, 0.05, 0.005, 0.025, 0.01, 0, 0.005, 0, 0, 0
0.005, 0.015, 0.04, 0.04, 0.105, 0.095, 0.09, 0.115, 0.12, 0.075, 0.03, 0.025, 0.01, 0.005, 0, 0, 0, 0, 0, 0
0, 0.005, 0.015, 0, 0.02, 0.015, 0.035, 0.08, 0.125, 0.17, 0.315, 0.375, 0.495, 0.6, 0.665, 0.675, 0.765, 0.79, 0.79, 0.855
0, 0.015, 0, 0.025, 0.035, 0.085, 0.1, 0.085, 0.225, 0.28, 0.36, 0.51, 0.635, 0.635, 0.67, 0.75, 0.82, 0.82, 0.765, 0.855
0, 0.01, 0.025, 0.015, 0.065, 0.045, 0.135, 0.195, 0.29, 0.32, 0.405, 0.47, 0.59, 0.665, 0.695, 0.75, 0.78, 0.835, 0.835, 0.84
0.01, 0.02, 0.025, 0.045, 0.075, 0.16, 0.16, 0.2, 0.28, 0.33, 0.49, 0.57, 0.63, 0.685, 0.735, 0.745, 0.79, 0.805, 0.815, 0.81
0, 0.015, 0.055, 0.04, 0.085, 0.115, 0.205, 0.245, 0.315, 0.4, 0.52, 0.615, 0.635, 0.685, 0.755, 0.73, 0.785, 0.78, 0.8, 0.79
0.005, 0.025, 0.06, 0.085, 0.155, 0.135, 0.24, 0.33, 0.38, 0.46, 0.57, 0.615, 0.7, 0.685, 0.69, 0.75, 0.735, 0.765, 0.785, 0.715
0.015, 0.04, 0.07, 0.1, 0.13, 0.18, 0.295, 0.375, 0.425, 0.46, 0.635, 0.68, 0.665, 0.7, 0.725, 0.8, 0.76, 0.75, 0.82, 0.65
0.015, 0.05, 0.09, 0.13, 0.155, 0.175, 0.245, 0.375, 0.525, 0.48, 0.645, 0.625, 0.735, 0.63, 0.73, 0.73, 0.74, 0.735, 0.735, 0.69
0.045, 0.035, 0.065, 0.135, 0.25, 0.26, 0.315, 0.385, 0.495, 0.595, 0.62, 0.635, 0.76, 0.705, 0.815, 0.735, 0.74, 0.655, 0.66, 0.605
0.05, 0.085, 0.09, 0.105, 0.21, 0.305, 0.305, 0.43, 0.515, 0.56, 0.695, 0.715, 0.715, 0.68, 0.735, 0.715, 0.635, 0.535, 0.585, 0.515
0.04, 0.05, 0.065, 0.12, 0.21, 0.33, 0.39, 0.465, 0.465, 0.595, 0.68, 0.69, 0.745, 0.745, 0.7, 0.675, 0.545, 0.435, 0.48, 0.47
0.03, 0.04, 0.075, 0.155, 0.22, 0.32, 0.37, 0.505, 0.565, 0.6, 0.685, 0.7, 0.725, 0.67, 0.57, 0.55, 0.5, 0.46, 0.425, 0.48
0.04, 0.095, 0.115, 0.14, 0.26, 0.38, 0.4, 0.47, 0.59, 0.595, 0.69, 0.66, 0.645, 0.585, 0.6, 0.425, 0.345, 0.335, 0.34, 0.24
0.055, 0.075, 0.115, 0.175, 0.28, 0.37, 0.475, 0.495, 0.54, 0.605, 0.615, 0.675, 0.535, 0.51, 0.375, 0.315, 0.34, 0.215, 0.24, 0.2
0.05, 0.075, 0.145, 0.245, 0.3, 0.455, 0.46, 0.505, 0.63, 0.635, 0.625, 0.575, 0.525, 0.36, 0.265, 0.18, 0.205, 0.21, 0.12, 0.145
0.02, 0.05, 0.11, 0.165, 0.295, 0.32, 0.435, 0.54, 0.575, 0.54, 0.535, 0.515, 0.405, 0.21, 0.18, 0.205, 0.1, 0.1, 0.05, 0.065
0.045, 0.1, 0.155, 0.19, 0.245, 0.42, 0.445, 0.49, 0.525, 0.465, 0.525, 0.33, 0.205, 0.13, 0.09, 0.065, 0.085, 0.045, 0.02, 0.035
0.055, 0.095, 0.13, 0.24, 0.28, 0.36, 0.435, 0.45, 0.45, 0.37, 0.315, 0.13, 0.09, 0.065, 0.03, 0.03, 0.015, 0.04, 0.025, 0.015
0.05, 0.105, 0.065, 0.165, 0.22, 0.33, 0.345, 0.395, 0.31, 0.295, 0.17, 0.08, 0.03, 0.015, 0.005, 0.01, 0.005, 0.01, 0.01, 0
0.025, 0.05, 0.095, 0.115, 0.145, 0.15, 0.155, 0.15, 0.175, 0.1, 0.05, 0.02, 0.005, 0, 0, 0.005, 0, 0, 0, 0
0, 0.005, 0, 0.01, 0.025, 0.06, 0.06, 0.105, 0.125, 0.215, 0.365, 0.495, 0.57, 0.61, 0.765, 0.84, 0.81, 0.815, 0.82, 0.815
0.015, 0.015, 0.01, 0.035, 0.085, 0.08, 0.12, 0.195, 0.255, 0.31, 0.485, 0.59, 0.635, 0.74, 0.785, 0.83, 0.875, 0.83, 0.84, 0.87
0, 0.015, 0.035, 0.055, 0.105, 0.105, 0.205, 0.26, 0.315, 0.415, 0.495, 0.61, 0.755, 0.765, 0.8, 0.81, 0.805, 0.86, 0.825, 0.815
0.025, 0.02, 0.055, 0.085, 0.13, 0.195, 0.295, 0.3, 0.345, 0.505, 0.56, 0.595, 0.705, 0.73, 0.78, 0.84, 0.85, 0.865, 0.835, 0.8
0.005, 0.045, 0.08, 0.115, 0.165, 0.23, 0.33, 0.395, 0.43, 0.56, 0.605, 0.7, 0.765, 0.775, 0.825, 0.815, 0.84, 0.825, 0.8, 0.825
0.035, 0.04, 0.05, 0.09, 0.165, 0.28, 0.3, 0.42, 0.47, 0.575, 0.645, 0.79, 0.76, 0.785, 0.8, 0.83, 0.82, 0.86, 0.79, 0.765
0.015, 0.07, 0.125, 0.145, 0.25, 0.3, 0.365, 0.455, 0.535, 0.625, 0.66, 0.735, 0.765, 0.77, 0.83, 0.82, 0.775, 0.785, 0.785, 0.7
0.04, 0.11, 0.135, 0.18, 0.24, 0.305, 0.435, 0.47, 0.605, 0.61, 0.705, 0.8, 0.765, 0.8, 0.78, 0.795, 0.76, 0.81, 0.69, 0.65
0.08, 0.11, 0.09, 0.16, 0.275, 0.355, 0.455, 0.52, 0.56, 0.67, 0.69, 0.72, 0.83, 0.79, 0.85, 0.82, 0.76, 0.805, 0.705, 0.565
0.085, 0.125, 0.175, 0.25, 0.25, 0.43, 0.47, 0.575, 0.6, 0.68, 0.75, 0.73, 0.765, 0.785, 0.84, 0.785, 0.76, 0.68, 0.605, 0.635
0.115, 0.125, 0.205, 0.235, 0.3, 0.395, 0.53, 0.54, 0.685, 0.71, 0.75, 0.72, 0.755, 0.78, 0.735, 0.725, 0.59, 0.635, 0.56, 0.51
0.095, 0.095, 0.15, 0.285, 0.33, 0.45, 0.565, 0.61, 0.665, 0.64, 0.71, 0.775, 0.785, 0.72, 0.725, 0.7, 0.575, 0.5, 0.58, 0.375
0.08, 0.15, 0.185, 0.26, 0.415, 0.475, 0.535, 0.51, 0.625, 0.745, 0.74, 0.74, 0.76, 0.675, 0.595, 0.52, 0.455, 0.425, 0.405, 0.365
0.075, 0.15, 0.235, 0.245, 0.315, 0.52, 0.585, 0.575, 0.635, 0.69, 0.725, 0.745, 0.655, 0.645, 0.505, 0.435, 0.325, 0.35, 0.285, 0.315
0.085, 0.135, 0.19, 0.275, 0.36, 0.505, 0.555, 0.595, 0.69, 0.66, 0.695, 0.71, 0.63, 0.47, 0.355, 0.3, 0.255, 0.215, 0.205, 0.17
0.08, 0.16, 0.22, 0.305, 0.4, 0.49, 0.53, 0.65, 0.625, 0.665, 0.735, 0.56, 0.45, 0.37, 0.235, 0.13, 0.135, 0.18, 0.115, 0.1
0.065, 0.13, 0.205, 0.325, 0.405, 0.535, 0.595, 0.56, 0.59, 0.595, 0.565, 0.495, 0.245, 0.185, 0.11, 0.115, 0.07, 0.095, 0.09, 0.08
0.075, 0.145, 0.27, 0.305, 0.41, 0.425, 0.51, 0.59, 0.57, 0.53, 0.455, 0.275, 0.135, 0.075, 0.065, 0.03, 0.06, 0.06, 0.06, 0.005
0.09, 0.17, 0.24, 0.33, 0.38, 0.455, 0.42, 0.465, 0.48, 0.405, 0.295, 0.085, 0.06, 0.06, 0.055, 0.035, 0.02, 0.015, 0.005, 0.015
0.045, 0.095, 0.135, 0.235, 0.215, 0.325, 0.23, 0.215, 0.225, 0.105, 0.085, 0.05, 0.01, 0.01, 0.015, 0, 0, 0, 0, 0
0.005, 0.015, 0.005, 0.01, 0.03, 0.055, 0.11, 0.11, 0.165, 0.25, 0.38, 0.515, 0.65, 0.71, 0.8, 0.79, 0.84, 0.845, 0.815, 0.83
0.02, 0.01, 0.03, 0.04, 0.06, 0.095, 0.155, 0.23, 0.295, 0.41, 0.585, 0.625, 0.72, 0.705, 0.795, 0.855, 0.82, 0.85, 0.885, 0.825
0.025, 0.02, 0.05, 0.095, 0.11, 0.185, 0.215, 0.33, 0.475, 0.49, 0.635, 0.715, 0.725, 0.835, 0.835, 0.84, 0.845, 0.905, 0.855, 0.845
0.025, 0.045, 0.075, 0.155, 0.145, 0.29, 0.305, 0.385, 0.535, 0.55, 0.68, 0.735, 0.83, 0.825, 0.825, 0.87, 0.92, 0.88, 0.855, 0.81
0.035, 0.045, 0.11, 0.15, 0.255, 0.28, 0.39, 0.44, 0.57, 0.655, 0.665, 0.755, 0.785, 0.85, 0.85, 0.86, 0.88, 0.86, 0.86, 0.805
0.055, 0.075, 0.1, 0.21, 0.235, 0.35, 0.44, 0.53, 0.565, 0.66, 0.715, 0.785, 0.825, 0.88, 0.795, 0.89, 0.88, 0.81, 0.855, 0.785
0.07, 0.12, 0.155, 0.215, 0.36, 0.385, 0.445, 0.54, 0.625, 0.715, 0.765, 0.775, 0.785, 0.82, 0.85, 0.835, 0.845, 0.87, 0.86, 0.755
0.07, 0.13, 0.225, 0.25, 0.34, 0.41, 0.46, 0.665, 0.615, 0.675, 0.7, 0.81, 0.82, 0.88, 0.835, 0.805, 0.82, 0.775, 0.75, 0.745
0.13, 0.185, 0.215, 0.3, 0.39, 0.425, 0.545, 0.58, 0.705, 0.75, 0.775, 0.765, 0.845, 0.82, 0.815, 0.865, 0.89, 0.71, 0.72, 0.725
0.105, 0.205, 0.23, 0.345, 0.345, 0.475, 0.565, 0.615, 0.7, 0.73, 0.8, 0.84, 0.89, 0.83, 0.88, 0.835, 0.79, 0.7, 0.715, 0.615
0.125, 0.18, 0.25, 0.255, 0.405, 0.45, 0.59, 0.665, 0.715, 0.785, 0.82, 0.855, 0.845, 0.845, 0.78, 0.805, 0.775, 0.63, 0.59, 0.595
0.125, 0.23, 0.24, 0.35, 0.415, 0.515, 0.6, 0.73, 0.725, 0.785, 0.795, 0.79, 0.87, 0.75, 0.79, 0.73, 0.615, 0.585, 0.52, 0.505
0.13, 0.205, 0.245, 0.355, 0.48, 0.555, 0.65, 0.745, 0.75, 0.785, 0.805, 0.795, 0.8, 0.74, 0.71, 0.66, 0.495, 0.555, 0.42, 0.43
0.16, 0.225, 0.295, 0.385, 0.465, 0.555, 0.66, 0.705, 0.73, 0.765, 0.82, 0.765, 0.76, 0.6, 0.615, 0.5, 0.38, 0.425, 0.33, 0.35
0.14, 0.255, 0.33, 0.47, 0.555, 0.575, 0.635, 0.745, 0.745, 0.755, 0.8, 0.755, 0.695, 0.505, 0.42, 0.335, 0.345, 0.315, 0.23, 0.28
0.2, 0.215, 0.335, 0.415, 0.47, 0.62, 0.65, 0.725, 0.74, 0.725, 0.755, 0.725, 0.59, 0.405, 0.335, 0.32, 0.24, 0.19, 0.19, 0.155
0.15, 0.245, 0.33, 0.435, 0.48, 0.61, 0.655, 0.68, 0.745, 0.675, 0.655, 0.52, 0.34, 0.28, 0.25, 0.175, 0.115, 0.1, 0.105, 0.1
0.2, 0.265, 0.355, 0.465, 0.53, 0.665, 0.67, 0.63, 0.65, 0.675, 0.525, 0.33, 0.17, 0.155, 0.12, 0.095, 0.06, 0.035, 0.04, 0.04
0.165, 0.27, 0.305, 0.425, 0.505, 0.57, 0.66, 0.565, 0.52, 0.505, 0.33, 0.175, 0.06, 0.105, 0.045, 0.01, 0.025, 0.01, 0.005, 0.01
0.17, 0.22, 0.255, 0.325, 0.35, 0.385, 0.43, 0.425, 0.335, 0.2, 0.085, 0.095, 0.025, 0.02, 0.005, 0.01, 0.015, 0.005, 0, 0
0, 0.015, 0.015, 0.035, 0.045, 0.055, 0.1, 0.11, 0.19, 0.275, 0.445, 0.58, 0.69, 0.77, 0.805, 0.785, 0.84, 0.865, 0.81, 0.83
0.02, 0.03, 0.03, 0.07, 0.085, 0.12, 0.175, 0.225, 0.405, 0.49, 0.64, 0.78, 0.77, 0.82, 0.885, 0.895, 0.865, 0.87, 0.855, 0.89
0.045, 0.04, 0.05, 0.11, 0.12, 0.145, 0.3, 0.37, 0.47, 0.625, 0.65, 0.715, 0.83, 0.84, 0.86, 0.875, 0.885, 0.88, 0.84, 0.845
0.025, 0.05, 0.155, 0.12, 0.225, 0.28, 0.39, 0.45, 0.58, 0.675, 0.68, 0.785, 0.82, 0.845, 0.85, 0.89, 0.885, 0.85, 0.815, 0.76
0.06, 0.12, 0.125, 0.205, 0.315, 0.28, 0.47, 0.52, 0.61, 0.705, 0.795, 0.805, 0.875, 0.86, 0.865, 0.875, 0.885, 0.84, 0.84, 0.795
0.095, 0.145, 0.155, 0.255, 0.305, 0.44, 0.44, 0.565, 0.61, 0.725, 0.765, 0.785, 0.825, 0.82, 0.86, 0.875, 0.815, 0.91, 0.775, 0.795
0.095, 0.195, 0.22, 0.265, 0.4, 0.445, 0.51, 0.61, 0.74, 0.735, 0.815, 0.835, 0.805, 0.88, 0.895, 0.87, 0.83, 0.805, 0.835, 0.795
0.06, 0.165, 0.29, 0.335, 0.5, 0.475, 0.6, 0.72, 0.735, 0.8, 0.835, 0.86, 0.86, 0.9, 0.86, 0.845, 0.835, 0.77, 0.8, 0.735
0.15, 0.22, 0.295, 0.38, 0.43, 0.52, 0.59, 0.69, 0.795, 0.755, 0.84, 0.875, 0.895, 0.87, 0.855, 0.85, 0.81, 0.805, 0.725, 0.705
0.18, 0.255, 0.305, 0.395, 0.515, 0.57, 0.65, 0.74, 0.78, 0.815, 0.83, 0.83, 0.885, 0.865, 0.815, 0.845, 0.81, 0.775, 0.705, 0.675
0.145, 0.245, 0.335, 0.435, 0.505, 0.635, 0.64, 0.72, 0.775, 0.84, 0.85, 0.86, 0.85, 0.87, 0.845, 0.84, 0.76, 0.66, 0.67, 0.605
0.255, 0.275, 0.31, 0.45, 0.51, 0.64, 0.71, 0.77, 0.805, 0.79, 0.88, 0.88, 0.855, 0.83, 0.84, 0.725, 0.73, 0.635, 0.575, 0.525
0.245, 0.27, 0.36, 0.485, 0.54, 0.64, 0.76, 0.735, 0.81, 0.8, 0.83, 0.84, 0.8, 0.825, 0.765, 0.655, 0.61, 0.57, 0.505, 0.45
0.185, 0.34, 0.405, 0.535, 0.6, 0.66, 0.67, 0.765, 0.845, 0.83, 0.82, 0.855, 0.815, 0.78, 0.66, 0.465, 0.51, 0.515, 0.49, 0.455
0.26, 0.345, 0.465, 0.535, 0.64, 0.75, 0.655, 0.785, 0.82, 0.805, 0.82, 0.76, 0.78, 0.625, 0.575, 0.54, 0.39, 0.3, 0.36, 0.3
0.24, 0.26, 0.455, 0.565, 0.565, 0.695, 0.715, 0.83, 0.77, 0.855, 0.755, 0.775, 0.645, 0.53, 0.32, 0.31, 0.265, 0.25, 0.195, 0.165
0.225, 0.35, 0.455, 0.555, 0.63, 0.68, 0.725, 0.805, 0.775, 0.795, 0.73, 0.68, 0.455, 0.34, 0.255, 0.18, 0.075, 0.135, 0.115, 0.145
0.245, 0.325, 0.43, 0.6, 0.645, 0.685, 0.76, 0.74, 0.805, 0.745, 0.705, 0.4, 0.25, 0.165, 0.125, 0.05, 0.07, 0.085, 0.065, 0.03
0.23, 0.33, 0.465, 0.555, 0.61, 0.635, 0.66, 0.71, 0.68, 0.51, 0.355, 0.2, 0.14, 0.135, 0.03, 0.03, 0.02, 0.035, 0.025, 0.01
0.21, 0.29, 0.35, 0.445, 0.515, 0.52, 0.435, 0.435, 0.35, 0.305, 0.175, 0.06, 0.065, 0.03, 0.02, 0, 0.01, 0.005, 0, 0
0.005, 0, 0.015, 0.005, 0.03, 0.095, 0.11, 0.14, 0.24, 0.28, 0.51, 0.575, 0.71, 0.755, 0.845, 0.79, 0.835, 0.86, 0.855, 0.765
0.02, 0.015, 0.065, 0.105, 0.13, 0.135, 0.22, 0.3, 0.44, 0.57, 0.65, 0.775, 0.825, 0.845, 0.83, 0.905, 0.92, 0.87, 0.795, 0.83
0.045, 0.1, 0.095, 0.14, 0.21, 0.3, 0.375, 0.39, 0.525, 0.665, 0.695, 0.785, 0.84, 0.875, 0.88, 0.845, 0.87, 0.87, 0.855, 0.815
0.065, 0.125, 0.11, 0.22, 0.315, 0.33, 0.445, 0.485, 0.655, 0.785, 0.73, 0.8, 0.81, 0.875, 0.905, 0.885, 0.85, 0.855, 0.815, 0.8
0.065, 0.145, 0.165, 0.255, 0.335, 0.465, 0.55, 0.61, 0.69, 0.785, 0.825, 0.855, 0.855, 0.855, 0.885, 0.885, 0.86, 0.825, 0.87, 0.75
0.125, 0.165, 0.265, 0.335, 0.41, 0.54, 0.625, 0.59, 0.715, 0.775, 0.82, 0.84, 0.84, 0.835, 0.885, 0.855, 0.9, 0.79, 0.79, 0.755
0.19, 0.205, 0.32, 0.33, 0.455, 0.515, 0.685, 0.705, 0.735, 0.825, 0.85, 0.83, 0.88, 0.88, 0.905, 0.9, 0.865, 0.81, 0.865, 0.75
0.235, 0.185, 0.315, 0.44, 0.46, 0.575, 0.6, 0.76, 0.795, 0.815, 0.815, 0.88, 0.845, 0.855, 0.835, 0.88, 0.835, 0.81, 0.805, 0.705
0.23, 0.3, 0.38, 0.415, 0.485, 0.63, 0.66, 0.76, 0.77, 0.855, 0.85, 0.87, 0.87, 0.915, 0.865, 0.88, 0.855, 0.8, 0.74, 0.68
0.21, 0.29, 0.375, 0.57, 0.57, 0.695, 0.755, 0.74, 0.815, 0.845, 0.83, 0.89, 0.855, 0.855, 0.9, 0.91, 0.8, 0.79, 0.665, 0.63
0.345, 0.365, 0.435, 0.545, 0.555, 0.65, 0.735, 0.725, 0.79, 0.87, 0.84, 0.855, 0.89, 0.87, 0.82, 0.81, 0.755, 0.715, 0.7, 0.56
0.345, 0.355, 0.475, 0.565, 0.65, 0.725, 0.825, 0.77, 0.8, 0.875, 0.865, 0.86, 0.88, 0.895, 0.84, 0.79, 0.72, 0.695, 0.615, 0.56
0.285, 0.36, 0.405, 0.57, 0.7, 0.69, 0.79, 0.83, 0.84, 0.84, 0.84, 0.87, 0.83, 0.845, 0.835, 0.68, 0.68, 0.56, 0.595, 0.465
0.32, 0.385, 0.495, 0.595, 0.71, 0.755, 0.755, 0.77, 0.865, 0.815, 0.895, 0.83, 0.85, 0.745, 0.695, 0.67, 0.515, 0.5, 0.41, 0.47
0.37, 0.405, 0.5, 0.625, 0.68, 0.77, 0.815, 0.78, 0.825, 0.855, 0.84, 0.805, 0.835, 0.685, 0.575, 0.475, 0.495, 0.32, 0.375, 0.32
0.355, 0.465, 0.52, 0.605, 0.68, 0.735, 0.785, 0.825, 0.87, 0.815, 0.825, 0.785, 0.72, 0.55, 0.485, 0.35, 0.31, 0.29, 0.275, 0.215
0.325, 0.365, 0.585, 0.61, 0.755, 0.74, 0.79, 0.855, 0.845, 0.845, 0.79, 0.72, 0.5, 0.39, 0.39, 0.32, 0.225, 0.145, 0.11, 0.125
0.37, 0.445, 0.575, 0.61, 0.72, 0.76, 0.805, 0.84, 0.8, 0.79, 0.69, 0.46, 0.335, 0.19, 0.17, 0.19, 0.11, 0.09, 0.055, 0.07
0.355, 0.5, 0.56, 0.695, 0.72, 0.745, 0.79, 0.75, 0.68, 0.6, 0.47, 0.24, 0.205, 0.115, 0.105, 0.08, 0.05, 0.04, 0.03, 0.03
0.385, 0.355, 0.485, 0.51, 0.555, 0.605, 0.625, 0.445, 0.465, 0.31, 0.2, 0.105, 0.065, 0.05, 0.035, 0.015, 0.015, 0.005, 0.015, 0.005
0, 0.015, 0.01, 0.02, 0.04, 0.115, 0.11, 0.165, 0.175, 0.28, 0.53, 0.685, 0.71, 0.815, 0.8, 0.84, 0.85, 0.83, 0.85, 0.77
0.03, 0.035, 0.065, 0.07, 0.105, 0.19, 0.21, 0.315, 0.42, 0.575, 0.715, 0.82, 0.84, 0.87, 0.895, 0.855, 0.89, 0.865, 0.885, 0.84
0.035, 0.095, 0.115, 0.15, 0.24, 0.32, 0.39, 0.47, 0.605, 0.715, 0.795, 0.855, 0.895, 0.815, 0.85, 0.865, 0.86, 0.825, 0.82, 0.805
0.08, 0.105, 0.165, 0.28, 0.35, 0.41, 0.545, 0.54, 0.7, 0.725, 0.805, 0.845, 0.845, 0.865, 0.88, 0.905, 0.9, 0.83, 0.835, 0.825
0.135, 0.195, 0.24, 0.345, 0.435, 0.48, 0.585, 0.665, 0.76, 0.785, 0.775, 0.86, 0.87, 0.86, 0.915, 0.865, 0.91, 0.81, 0.795, 0.75
0.175, 0.255, 0.37, 0.39, 0.55, 0.525, 0.65, 0.77, 0.795, 0.785, 0.88, 0.855, 0.88, 0.805, 0.855, 0.835, 0.85, 0.81, 0.82, 0.705
0.21, 0.295, 0.315, 0.49, 0.52, 0.505, 0.665, 0.74, 0.785, 0.8, 0.845, 0.905, 0.865, 0.855, 0.88, 0.895, 0.82, 0.865, 0.76, 0.695
0.195, 0.34, 0.4, 0.49, 0.595, 0.62, 0.775, 0.81, 0.84, 0.845, 0.81, 0.84, 0.85, 0.885, 0.895, 0.91, 0.81, 0.8, 0.75, 0.75
0.24, 0.365, 0.395, 0.53, 0.665, 0.68, 0.735, 0.81, 0.835, 0.85, 0.87, 0.87, 0.845, 0.855, 0.905, 0.83, 0.81, 0.76, 0.725, 0.65
0.295, 0.395, 0.435, 0.58, 0.605, 0.725, 0.775, 0.82, 0.87, 0.845, 0.875, 0.915, 0.915, 0.84, 0.87, 0.835, 0.77, 0.8, 0.73, 0.685
0.355, 0.47, 0.44, 0.625, 0.66, 0.735, 0.795, 0.755, 0.88, 0.855, 0.915, 0.88, 0.89, 0.85, 0.82, 0.845, 0.77, 0.7, 0.625, 0.55
0.36, 0.455, 0.55, 0.535, 0.675, 0.725, 0.775, 0.845, 0.825, 0.89, 0.87, 0.85, 0.85, 0.83, 0.85, 0.8, 0.705, 0.7, 0.61, 0.6
0.465, 0.46, 0.54, 0.645, 0.73, 0.81, 0.805, 0.815, 0.87, 0.84, 0.91, 0.91, 0.87, 0.85, 0.78, 0.765, 0.68, 0.555, 0.53, 0.455
0.39, 0.44, 0.545, 0.605, 0.72, 0.815, 0.84, 0.885, 0.895, 0.88, 0.825, 0.83, 0.825, 0.795, 0.685, 0.645, 0.565, 0.485, 0.42, 0.405
0.44, 0.525, 0.63, 0.71, 0.76, 0.755, 0.875, 0.84, 0.87, 0.86, 0.885, 0.83, 0.815, 0.735, 0.65, 0.545, 0.515, 0.465, 0.38, 0.365
0.34, 0.54, 0.64, 0.72, 0.785, 0.835, 0.82, 0.85, 0.83, 0.85, 0.855, 0.845, 0.765, 0.585, 0.49, 0.44, 0.355, 0.345, 0.32, 0.215
0.515, 0.5, 0.645, 0.72, 0.775, 0.85, 0.85, 0.875, 0.84, 0.845, 0.845, 0.7, 0.545, 0.43, 0.4, 0.28, 0.32, 0.195, 0.17, 0.14
0.425, 0.525, 0.63, 0.705, 0.765, 0.81, 0.8, 0.865, 0.855, 0.83, 0.76, 0.5, 0.385, 0.325, 0.205, 0.16, 0.165, 0.085, 0.115, 0.075
0.485, 0.59, 0.675, 0.69, 0.79, 0.785, 0.77, 0.81, 0.765, 0.695, 0.585, 0.31, 0.235, 0.14, 0.14, 0.09, 0.05, 0.055, 0.025, 0.025
0.46, 0.535, 0.535, 0.685, 0.665, 0.655, 0.635, 0.53, 0.55, 0.37, 0.175, 0.14, 0.08, 0.065, 0.04, 0.03, 0.025, 0.01, 0.005, 0.005
0, 0.005, 0.02, 0.035, 0.025, 0.07, 0.125, 0.19, 0.255, 0.315, 0.565, 0.655, 0.77, 0.77, 0.755, 0.79, 0.865, 0.785, 0.78, 0.815
0.03, 0.035, 0.06, 0.095, 0.11, 0.185, 0.195, 0.34, 0.435, 0.61, 0.755, 0.79, 0.85, 0.84, 0.905, 0.875, 0.905, 0.86, 0.855, 0.745
0.045, 0.045, 0.105, 0.215, 0.25, 0.27, 0.315, 0.51, 0.63, 0.725, 0.79, 0.86, 0.83, 0.91, 0.905, 0.9, 0.845, 0.845, 0.805, 0.73
0.12, 0.115, 0.185, 0.285, 0.35, 0.42, 0.51, 0.58, 0.71, 0.8, 0.865, 0.87, 0.905, 0.84, 0.855, 0.895, 0.845, 0.87, 0.74, 0.72
0.175, 0.2, 0.29, 0.415, 0.43, 0.575, 0.64, 0.725, 0.75, 0.835, 0.875, 0.915, 0.91, 0.89, 0.875, 0.815, 0.86, 0.825, 0.83, 0.73
0.18, 0.24, 0.355, 0.46, 0.51, 0.62, 0.68, 0.775, 0.76, 0.825, 0.87, 0.895, 0.88, 0.91, 0.875, 0.87, 0.815, 0.8, 0.8, 0.66
0.22, 0.375, 0.44, 0.535, 0.565, 0.67, 0.715, 0.745, 0.84, 0.865, 0.86, 0.885, 0.865, 0.875, 0.87, 0.86, 0.865, 0.825, 0.72, 0.685
0.285, 0.415, 0.49, 0.595, 0.645, 0.72, 0.725, 0.8, 0.88, 0.89, 0.89, 0.88, 0.9, 0.855, 0.835, 0.865, 0.825, 0.755, 0.66, 0.675
0.375, 0.42, 0.495, 0.62, 0.68, 0.73, 0.775, 0.835, 0.8, 0.89, 0.865, 0.87, 0.905, 0.845, 0.88, 0.87, 0.78, 0.725, 0.725, 0.64
0.38, 0.475, 0.525, 0.68, 0.7, 0.765, 0.81, 0.855, 0.85, 0.895, 0.845, 0.865, 0.89, 0.83, 0.795, 0.845, 0.77, 0.77, 0.63, 0.64
0.43, 0.445, 0.535, 0.645, 0.73, 0.755, 0.805, 0.855, 0.875, 0.865, 0.885, 0.885, 0.855, 0.89, 0.855, 0.82, 0.77, 0.69, 0.635, 0.58
0.495, 0.52, 0.61, 0.685, 0.775, 0.84, 0.865, 0.84, 0.86, 0.885, 0.865, 0.88, 0.865, 0.905, 0.775, 0.75, 0.69, 0.655, 0.62, 0.495
0.425, 0.515, 0.56, 0.765, 0.78, 0.845, 0.875, 0.84, 0.86, 0.87, 0.885, 0.89, 0.9, 0.835, 0.81, 0.685, 0.63, 0.635, 0.59, 0.465
0.5, 0.555, 0.62, 0.795, 0.76, 0.855, 0.835, 0.865, 0.86, 0.88, 0.89, 0.83, 0.875, 0.825, 0.73, 0.725, 0.6, 0.495, 0.47, 0.33
0.545, 0.585, 0.685, 0.69, 0.795, 0.825, 0.865, 0.87, 0.885, 0.875, 0.9, 0.855, 0.815, 0.73, 0.74, 0.54, 0.495, 0.42, 0.37, 0.275
0.495, 0.585, 0.66, 0.765, 0.82, 0.83, 0.86, 0.89, 0.865, 0.865, 0.855, 0.86, 0.74, 0.67, 0.58, 0.475, 0.4, 0.34, 0.34, 0.22
0.47, 0.605, 0.81, 0.795, 0.77, 0.885, 0.845, 0.865, 0.91, 0.855, 0.84, 0.8, 0.565, 0.495, 0.385, 0.305, 0.37, 0.28, 0.17, 0.14
0.585, 0.665, 0.735, 0.82, 0.83, 0.85, 0.865, 0.845, 0.875, 0.875, 0.795, 0.555, 0.42, 0.39, 0.28, 0.21, 0.15, 0.155, 0.135, 0.085
0.585, 0.69, 0.78, 0.795, 0.805, 0.8, 0.885, 0.87, 0.83, 0.72, 0.57, 0.37, 0.225, 0.17, 0.135, 0.1, 0.035, 0.065, 0.05, 0.045
0.49, 0.59, 0.69, 0.745, 0.72, 0.71, 0.63, 0.665, 0.535, 0.435, 0.25, 0.165, 0.105, 0.065, 0.05, 0.03, 0.015, 0.02, 0.005, 0
0.005, 0.01, 0.005, 0.04, 0.04, 0.055, 0.1, 0.155, 0.205, 0.295, 0.46, 0.54, 0.625, 0.75, 0.715, 0.805, 0.83, 0.785, 0.745, 0.68
0.045, 0.05, 0.065, 0.115, 0.115, 0.16, 0.215, 0.26, 0.33, 0.68, 0.79, 0.825, 0.85, 0.845, 0.895, 0.855, 0.82, 0.77, 0.75, 0.765
0.06, 0.115, 0.18, 0.205, 0.21, 0.245, 0.33, 0.5, 0.585, 0.78, 0.8, 0.855, 0.9, 0.895, 0.85, 0.845, 0.855, 0.825, 0.72, 0.71
0.135, 0.16, 0.19, 0.315, 0.325, 0.445, 0.51, 0.66, 0.745, 0.825, 0.84, 0.89, 0.88, 0.845, 0.855, 0.855, 0.835, 0.84, 0.73, 0.675
0.205, 0.28, 0.355, 0.4, 0.53, 0.59, 0.63, 0.77, 0.795, 0.86, 0.905, 0.925, 0.85, 0.87, 0.855, 0.87, 0.815, 0.77, 0.725, 0.655
0.225, 0.315, 0.43, 0.505, 0.555, 0.685, 0.62, 0.795, 0.825, 0.885, 0.84, 0.925, 0.865, 0.88, 0.88, 0.865, 0.835, 0.78, 0.725, 0.7
0.31, 0.47, 0.5, 0.6, 0.65, 0.69, 0.775, 0.845, 0.875, 0.845, 0.9, 0.86, 0.89, 0.9, 0.85, 0.83, 0.785, 0.77, 0.695, 0.64
0.415, 0.535, 0.565, 0.555, 0.685, 0.705, 0.775, 0.865, 0.86, 0.865, 0.875, 0.93, 0.895, 0.905, 0.905, 0.84, 0.825, 0.745, 0.625, 0.605
0.45, 0.48, 0.635, 0.65, 0.74, 0.8, 0.825, 0.86, 0.88, 0.905, 0.905, 0.85, 0.86, 0.9, 0.805, 0.81, 0.775, 0.765, 0.63, 0.545
0.475, 0.58, 0.635, 0.7, 0.745, 0.74, 0.835, 0.875, 0.905, 0.825, 0.89, 0.895, 0.86, 0.88, 0.875, 0.79, 0.78, 0.705, 0.615, 0.53
0.44, 0.56, 0.59, 0.74, 0.815, 0.785, 0.825, 0.855, 0.89, 0.895, 0.93, 0.88, 0.915, 0.845, 0.865, 0.805, 0.72, 0.705, 0.63, 0.515
0.55, 0.69, 0.74, 0.715, 0.805, 0.81, 0.86, 0.83, 0.9, 0.865, 0.905, 0.875, 0.875, 0.84, 0.78, 0.76, 0.685, 0.635, 0.505, 0.48
0.615, 0.57, 0.685, 0.775, 0.785, 0.855, 0.88, 0.955, 0.875, 0.83, 0.915, 0.88, 0.895, 0.805, 0.79, 0.615, 0.625, 0.545, 0.595, 0.405
0.62, 0.62, 0.74, 0.835, 0.805, 0.875, 0.795, 0.88, 0.88, 0.845, 0.89, 0.87, 0.84, 0.77, 0.68, 0.72, 0.6, 0.515, 0.43, 0.345
0.575, 0.64, 0.745, 0.78, 0.815, 0.845, 0.865, 0.895, 0.85, 0.87, 0.88, 0.855, 0.81, 0.79, 0.665, 0.54, 0.46, 0.46, 0.455, 0.315
0.585, 0.705, 0.785, 0.77, 0.84, 0.895, 0.9, 0.895, 0.905, 0.875, 0.875, 0.845, 0.78, 0.63, 0.53, 0.495, 0.45, 0.37, 0.205, 0.195
0.61, 0.675, 0.78, 0.84, 0.86, 0.87, 0.88, 0.905, 0.89, 0.86, 0.82, 0.795, 0.66, 0.515, 0.37, 0.335, 0.27, 0.245, 0.215, 0.17
0.64, 0.735, 0.745, 0.775, 0.79, 0.9, 0.855, 0.87, 0.87, 0.82, 0.73, 0.62, 0.5, 0.36, 0.32, 0.205, 0.18, 0.15, 0.115, 0.09
0.62, 0.735, 0.78, 0.825, 0.84, 0.865, 0.86, 0.865, 0.78, 0.75, 0.555, 0.4, 0.315, 0.18, 0.26, 0.11, 0.135, 0.035, 0.035, 0.025
0.585, 0.68, 0.725, 0.83, 0.71, 0.755, 0.745, 0.695, 0.58, 0.435, 0.275, 0.235, 0.115, 0.075, 0.035, 0.035, 0.03, 0.02, 0.01, 0.01
0.02, 0, 0.025, 0.02, 0.03, 0.075, 0.065, 0.12, 0.23, 0.27, 0.445, 0.575, 0.63, 0.72, 0.755, 0.81, 0.76, 0.765, 0.715, 0.66
0.035, 0.015, 0.065, 0.085, 0.145, 0.18, 0.22, 0.23, 0.38, 0.6, 0.725, 0.82, 0.8, 0.87, 0.89, 0.87, 0.785, 0.815, 0.715, 0.665
0.085, 0.09, 0.15, 0.195, 0.295, 0.31, 0.355, 0.505, 0.57, 0.83, 0.835, 0.855, 0.865, 0.88, 0.88, 0.805, 0.84, 0.74, 0.765, 0.67
0.15, 0.225, 0.285, 0.295, 0.405, 0.47, 0.52, 0.615, 0.745, 0.775, 0.855, 0.845, 0.895, 0.86, 0.86, 0.87, 0.785, 0.77, 0.69, 0.575
0.22, 0.34, 0.29, 0.4, 0.475, 0.58, 0.625, 0.76, 0.82, 0.865, 0.87, 0.875, 0.88, 0.905, 0.85, 0.79, 0.865, 0.725, 0.68, 0.615
0.36, 0.4, 0.465, 0.575, 0.595, 0.625, 0.8, 0.78, 0.875, 0.815, 0.88, 0.88, 0.865, 0.85, 0.835, 0.84, 0.82, 0.77, 0.63, 0.55
0.34, 0.4, 0.515, 0.535, 0.655, 0.72, 0.745, 0.79, 0.87, 0.83, 0.91, 0.875, 0.82, 0.88, 0.865, 0.81, 0.725, 0.705, 0.655, 0.57
0.405, 0.505, 0.62, 0.69, 0.755, 0.78, 0.84, 0.895, 0.885, 0.905, 0.845, 0.9, 0.895, 0.87, 0.845, 0.76, 0.74, 0.68, 0.62, 0.57
0.43, 0.57, 0.64, 0.625, 0.7, 0.855, 0.785, 0.85, 0.895, 0.895, 0.85, 0.88, 0.845, 0.875, 0.775, 0.77, 0.72, 0.705, 0.65, 0.545
0.58, 0.65, 0.685, 0.74, 0.79, 0.815, 0.885, 0.855, 0.86, 0.86, 0.915, 0.835, 0.87, 0.84, 0.82, 0.795, 0.7, 0.7, 0.58, 0.515
0.63, 0.62, 0.715, 0.705, 0.75, 0.855, 0.885, 0.9, 0.885, 0.895, 0.905, 0.855, 0.855, 0.83, 0.76, 0.805, 0.7, 0.645, 0.58, 0.465
0.645, 0.615, 0.69, 0.77, 0.805, 0.865, 0.87, 0.84, 0.875, 0.895, 0.9, 0.835, 0.88, 0.835, 0.77, 0.67, 0.71, 0.635, 0.55, 0.345
0.625, 0.72, 0.755, 0.795, 0.765, 0.81, 0.86, 0.89, 0.85, 0.91, 0.85, 0.83, 0.86, 0.81, 0.805, 0.65, 0.605, 0.485, 0.415, 0.38
0.65, 0.68, 0.765, 0.79, 0.815, 0.84, 0.9, 0.845, 0.85, 0.91, 0.9, 0.855, 0.82, 0.76, 0.66, 0.65, 0.585, 0.475, 0.33, 0.33
0.7, 0.7, 0.73, 0.795, 0.825, 0.875, 0.875, 0.895, 0.88, 0.895, 0.915, 0.86, 0.78, 0.785, 0.675, 0.56, 0.505, 0.39, 0.335, 0.26
0.62, 0.785, 0.78, 0.8, 0.83, 0.865, 0.86, 0.875, 0.9, 0.84, 0.8, 0.84, 0.75, 0.64, 0.47, 0.455, 0.33, 0.3, 0.25, 0.27
0.66, 0.715, 0.82, 0.8, 0.89, 0.9, 0.875, 0.88, 0.845, 0.845, 0.805, 0.775, 0.63, 0.47, 0.465, 0.395, 0.325, 0.25, 0.25, 0.155
0.65, 0.675, 0.8, 0.865, 0.915, 0.865, 0.855, 0.87, 0.9, 0.855, 0.78, 0.57, 0.475, 0.4, 0.295, 0.18, 0.165, 0.135, 0.115, 0.1
0.725, 0.795, 0.81, 0.845, 0.89, 0.86, 0.87, 0.88, 0.76, 0.745, 0.62, 0.39, 0.32, 0.28, 0.17, 0.115, 0.115, 0.075, 0.025, 0.065
0.69, 0.74, 0.815, 0.8, 0.795, 0.795, 0.805, 0.675, 0.625, 0.485, 0.33, 0.2, 0.1, 0.09, 0.055, 0.05, 0.045, 0.035, 0.025, 0.005
0, 0.015, 0.02, 0.015, 0.01, 0.065, 0.07, 0.08, 0.18, 0.22, 0.455, 0.515, 0.63, 0.72, 0.725, 0.77, 0.69, 0.645, 0.62, 0.555
0.035, 0.03, 0.07, 0.065, 0.1, 0.1, 0.17, 0.255, 0.355, 0.64, 0.7, 0.735, 0.78, 0.84, 0.83, 0.76, 0.78, 0.735, 0.735, 0.62
0.07, 0.08, 0.145, 0.195, 0.215, 0.225, 0.33, 0.41, 0.515, 0.775, 0.795, 0.855, 0.88, 0.87, 0.865, 0.85, 0.84, 0.775, 0.61, 0.51
0.155, 0.19, 0.25, 0.26, 0.37, 0.38, 0.425, 0.595, 0.82, 0.835, 0.86, 0.89, 0.83, 0.94, 0.845, 0.86, 0.73, 0.665, 0.635, 0.52
0.265, 0.315, 0.405, 0.46, 0.43, 0.51, 0.705, 0.785, 0.785, 0.895, 0.895, 0.795, 0.875, 0.87, 0.85, 0.76, 0.705, 0.715, 0.565, 0.54
0.31, 0.415, 0.41, 0.555, 0.61, 0.625, 0.735, 0.815, 0.86, 0.865, 0.9, 0.89, 0.865, 0.85, 0.835, 0.8, 0.715, 0.705, 0.625, 0.46
0.39, 0.465, 0.54, 0.61, 0.635, 0.72, 0.765, 0.81, 0.85, 0.855, 0.85, 0.89, 0.84, 0.875, 0.83, 0.805, 0.71, 0.6, 0.56, 0.515
0.5, 0.52, 0.66, 0.66, 0.74, 0.805, 0.9, 0.82, 0.895, 0.885, 0.875, 0.85, 0.89, 0.79, 0.795, 0.78, 0.7, 0.595, 0.53, 0.43
0.515, 0.645, 0.705, 0.785, 0.735, 0.795, 0.835, 0.845, 0.86, 0.86, 0.9, 0.865, 0.865, 0.865, 0.83, 0.74, 0.665, 0.655, 0.45, 0.425
0.59, 0.66, 0.73, 0.8, 0.795, 0.79, 0.885, 0.9, 0.865, 0.905, 0.9, 0.895, 0.87, 0.865, 0.805, 0.735, 0.715, 0.6, 0.49, 0.43
0.62, 0.69, 0.705, 0.795, 0.81, 0.86, 0.875, 0.91, 0.895, 0.885, 0.85, 0.84, 0.83, 0.82, 0.79, 0.72, 0.635, 0.6, 0.505, 0.435
0.565, 0.74, 0.825, 0.79, 0.86, 0.82, 0.82, 0.905, 0.92, 0.875, 0.86, 0.86, 0.86, 0.775, 0.765, 0.66, 0.61, 0.465, 0.39, 0.4
0.7, 0.66, 0.8, 0.85, 0.82, 0.89, 0.875, 0.865, 0.935, 0.85, 0.87, 0.885, 0.8, 0.765, 0.725, 0.655, 0.55, 0.535, 0.43, 0.38
0.68, 0.755, 0.795, 0.86, 0.88, 0.85, 0.91, 0.895, 0.89, 0.86, 0.9, 0.84, 0.795, 0.76, 0.655, 0.66, 0.55, 0.45, 0.41, 0.315
0.72, 0.77, 0.795, 0.835, 0.865, 0.89, 0.88, 0.88, 0.865, 0.855, 0.88, 0.84, 0.69, 0.685, 0.645, 0.58, 0.485, 0.375, 0.275, 0.25
0.71, 0.755, 0.815, 0.87, 0.9, 0.88, 0.895, 0.91, 0.885, 0.845, 0.845, 0.77, 0.72, 0.635, 0.56, 0.405, 0.405, 0.375, 0.25, 0.2
0.745, 0.845, 0.815, 0.865, 0.87, 0.875, 0.89, 0.925, 0.86, 0.855, 0.785, 0.715, 0.66, 0.55, 0.395, 0.365, 0.3, 0.22, 0.165, 0.105
0.725, 0.82, 0.86, 0.865, 0.9, 0.9, 0.875, 0.905, 0.855, 0.805, 0.755, 0.575, 0.455, 0.38, 0.36, 0.2, 0.22, 0.13, 0.115, 0.065
0.815, 0.83, 0.815, 0.865, 0.855, 0.865, 0.915, 0.845, 0.79, 0.705, 0.67, 0.4, 0.305, 0.295, 0.16, 0.105, 0.105, 0.11, 0.04, 0.025
0.795, 0.855, 0.815, 0.82, 0.845, 0.845, 0.775, 0.71, 0.635, 0.525, 0.295, 0.15, 0.13, 0.1, 0.105, 0.06, 0.035, 0.025, 0.02, 0
0, 0.005, 0.02, 0.01, 0.03, 0.055, 0.035, 0.055, 0.13, 0.205, 0.36, 0.465, 0.54, 0.675, 0.665, 0.65, 0.655, 0.645, 0.58, 0.455
0.015, 0.02, 0.04, 0.075, 0.055, 0.155, 0.16, 0.215, 0.275, 0.565, 0.755, 0.775, 0.825, 0.845, 0.835, 0.785, 0.735, 0.675, 0.57, 0.51
0.08, 0.08, 0.085, 0.18, 0.22, 0.21, 0.325, 0.445, 0.45, 0.73, 0.795, 0.8, 0.83, 0.87, 0.815, 0.76, 0.77, 0.65, 0.535, 0.51
0.13, 0.22, 0.18, 0.25, 0.36, 0.33, 0.435, 0.52, 0.755, 0.89, 0.85, 0.835, 0.89, 0.86, 0.795, 0.78, 0.735, 0.66, 0.69, 0.475
0.25, 0.285, 0.4, 0.45, 0.445, 0.5, 0.595, 0.82, 0.81, 0.89, 0.875, 0.88, 0.855, 0.84, 0.855, 0.78, 0.74, 0.68, 0.525, 0.365
0.285, 0.365, 0.465, 0.505, 0.55, 0.67, 0.715, 0.835, 0.87, 0.9, 0.895, 0.92, 0.87, 0.875, 0.835, 0.79, 0.65, 0.61, 0.49, 0.385
0.44, 0.455, 0.56, 0.625, 0.71, 0.735, 0.825, 0.82, 0.9, 0.915, 0.895, 0.805, 0.87, 0.86, 0.8, 0.79, 0.675, 0.58, 0.445, 0.405
0.475, 0.615, 0.6, 0.745, 0.775, 0.835, 0.84, 0.855, 0.865, 0.91, 0.9, 0.875, 0.81, 0.81, 0.775, 0.76, 0.635, 0.52, 0.47, 0.345
0.52, 0.56, 0.685, 0.71, 0.84, 0.845, 0.865, 0.875, 0.92, 0.84, 0.9, 0.83, 0.83, 0.795, 0.77, 0.745, 0.65, 0.545, 0.445, 0.405
0.56, 0.675, 0.73, 0.795, 0.83, 0.875, 0.91, 0.865, 0.865, 0.835, 0.845, 0.85, 0.84, 0.78, 0.765, 0.675, 0.61, 0.515, 0.51, 0.37
0.645, 0.73, 0.72, 0.83, 0.87, 0.86, 0.885, 0.865, 0.865, 0.88, 0.84, 0.835, 0.8, 0.78, 0.69, 0.665, 0.605, 0.51, 0.41, 0.3
0.715, 0.745, 0.8, 0.815, 0.835, 0.855, 0.87, 0.865, 0.91, 0.875, 0.845, 0.835, 0.8, 0.785, 0.735, 0.605, 0.56, 0.515, 0.35, 0.255
0.68, 0.735, 0.83, 0.825, 0.87, 0.88, 0.85, 0.905, 0.9, 0.89, 0.865, 0.825, 0.815, 0.725, 0.605, 0.545, 0.48, 0.405, 0.29, 0.235
0.73, 0.82, 0.795, 0.88, 0.905, 0.84, 0.865, 0.85, 0.9, 0.89, 0.78, 0.8, 0.765, 0.715, 0.655, 0.54, 0.475, 0.37, 0.29, 0.16
0.75, 0.825, 0.835, 0.86, 0.905, 0.86, 0.89, 0.875, 0.865, 0.865, 0.84, 0.755, 0.705, 0.58, 0.585, 0.515, 0.35, 0.275, 0.185, 0.19
0.745, 0.785, 0.89, 0.865, 0.9, 0.855, 0.905, 0.865, 0.85, 0.84, 0.79, 0.81, 0.725, 0.615, 0.485, 0.48, 0.355, 0.245, 0.185, 0.15
0.83, 0.815, 0.855, 0.875, 0.89, 0.895, 0.88, 0.915, 0.855, 0.85, 0.77, 0.74, 0.58, 0.47, 0.425, 0.31, 0.275, 0.145, 0.09, 0.1
0.81, 0.845, 0.88, 0.875, 0.895, 0.915, 0.92, 0.81, 0.865, 0.765, 0.725, 0.59, 0.44, 0.33, 0.29, 0.27, 0.13, 0.14, 0.055, 0.075
0.8, 0.79, 0.89, 0.82, 0.85, 0.88, 0.86, 0.825, 0.765, 0.78, 0.6, 0.395, 0.325, 0.255, 0.13, 0.085, 0.07, 0.095, 0.06, 0.04
0.805, 0.77, 0.865, 0.835, 0.82, 0.875, 0.795, 0.715, 0.675, 0.51, 0.26, 0.23, 0.165, 0.12, 0.055, 0.025, 0.05, 0.045, 0, 0.01
0.005, 0.015, 0.01, 0.005, 0.015, 0.02, 0.08, 0.075, 0.075, 0.165, 0.36, 0.395, 0.51, 0.605, 0.585, 0.62, 0.605, 0.47, 0.415, 0.37
0.015, 0.055, 0.035, 0.03, 0.08, 0.095, 0.115, 0.135, 0.24, 0.555, 0.665, 0.69, 0.75, 0.75, 0.72, 0.715, 0.67, 0.605, 0.485, 0.345
0.075, 0.05, 0.085, 0.095, 0.145, 0.155, 0.275, 0.375, 0.435, 0.745, 0.8, 0.825, 0.855, 0.84, 0.74, 0.71, 0.66, 0.59, 0.485, 0.315
0.135, 0.145, 0.14, 0.245, 0.255, 0.385, 0.45, 0.495, 0.755, 0.845, 0.9, 0.88, 0.835, 0.81, 0.78, 0.785, 0.66, 0.595, 0.495, 0.315
0.13, 0.285, 0.33, 0.33, 0.4, 0.415, 0.54, 0.715, 0.83, 0.85, 0.9, 0.8, 0.855, 0.795, 0.77, 0.735, 0.66, 0.55, 0.485, 0.275
0.27, 0.385, 0.395, 0.53, 0.52, 0.59, 0.68, 0.835, 0.86, 0.885, 0.84, 0.835, 0.825, 0.81, 0.755, 0.765, 0.64, 0.53, 0.37, 0.365
0.35, 0.485, 0.46, 0.57, 0.625, 0.68, 0.83, 0.835, 0.83, 0.91, 0.895, 0.835, 0.79, 0.795, 0.705, 0.695, 0.615, 0.49, 0.375, 0.335
0.49, 0.54, 0.61, 0.66, 0.71, 0.725, 0.89, 0.855, 0.835, 0.87, 0.88, 0.865, 0.805, 0.785, 0.74, 0.64, 0.595, 0.53, 0.4, 0.325
0.5, 0.66, 0.635, 0.715, 0.78, 0.86, 0.85, 0.915, 0.875, 0.885, 0.855, 0.85, 0.815, 0.795, 0.735, 0.66, 0.525, 0.425, 0.37, 0.275
0.645, 0.735, 0.695, 0.77, 0.855, 0.85, 0.875, 0.81, 0.875, 0.86, 0.9, 0.815, 0.775, 0.72, 0.69, 0.58, 0.535, 0.45, 0.33, 0.305
0.69, 0.765, 0.785, 0.81, 0.83, 0.845, 0.88, 0.875, 0.895, 0.84, 0.87, 0.775, 0.785, 0.75, 0.6, 0.62, 0.51, 0.425, 0.27, 0.18
0.71, 0.795, 0.765, 0.85, 0.885, 0.85, 0.885, 0.855, 0.88, 0.81, 0.86, 0.795, 0.795, 0.665, 0.635, 0.59, 0.395, 0.415, 0.265, 0.29
0.68, 0.765, 0.8, 0.885, 0.84, 0.915, 0.865, 0.89, 0.875, 0.835, 0.855, 0.82, 0.715, 0.66, 0.605, 0.53, 0.445, 0.355, 0.345, 0.16
0.8, 0.825, 0.84, 0.84, 0.87, 0.895, 0.845, 0.85, 0.845, 0.785, 0.82, 0.765, 0.75, 0.595, 0.59, 0.44, 0.4, 0.28, 0.28, 0.115
0.745, 0.805, 0.845, 0.845, 0.84, 0.87, 0.9, 0.91, 0.885, 0.825, 0.81, 0.72, 0.635, 0.62, 0.525, 0.38, 0.355, 0.25, 0.2, 0.12
0.815, 0.855, 0.865, 0.865, 0.91, 0.89, 0.865, 0.84, 0.87, 0.85, 0.8, 0.73, 0.565, 0.64, 0.455, 0.33, 0.23, 0.2, 0.11, 0.105
0.765, 0.78, 0.88, 0.89, 0.895, 0.87, 0.885, 0.8, 0.835, 0.825, 0.735, 0.63, 0.52, 0.48, 0.435, 0.275, 0.185, 0.14, 0.12, 0.07
0.795, 0.87, 0.875, 0.845, 0.905, 0.9, 0.86, 0.855, 0.78, 0.79, 0.695, 0.525, 0.38, 0.365, 0.27, 0.23, 0.115, 0.07, 0.055, 0.075
0.835, 0.87, 0.89, 0.87, 0.865, 0.885, 0.86, 0.875, 0.775, 0.645, 0.605, 0.385, 0.265, 0.2, 0.125, 0.115, 0.09, 0.055, 0.035, 0.01
0.82, 0.87, 0.87, 0.89, 0.8, 0.86, 0.75, 0.67, 0.66, 0.505, 0.32, 0.245, 0.18, 0.155, 0.07, 0.04, 0.04, 0.01, 0.005, 0.005
0, 0, 0, 0.01, 0.015, 0.005, 0.035, 0.045, 0.065, 0.165, 0.31, 0.385, 0.445, 0.505, 0.545, 0.465, 0.505, 0.38, 0.29, 0.245
0.01, 0.05, 0.025, 0.04, 0.02, 0.075, 0.095, 0.13, 0.245, 0.41, 0.475, 0.665, 0.715, 0.72, 0.67, 0.64, 0.51, 0.485, 0.35, 0.265
0.05, 0.06, 0.135, 0.105, 0.14, 0.14, 0.16, 0.275, 0.415, 0.65, 0.745, 0.785, 0.76, 0.745, 0.735, 0.595, 0.565, 0.48, 0.31, 0.205
0.145, 0.125, 0.175, 0.2, 0.18, 0.265, 0.31, 0.415, 0.665, 0.75, 0.805, 0.8, 0.83, 0.76, 0.73, 0.645, 0.62, 0.455, 0.31, 0.22
0.195, 0.155, 0.285, 0.285, 0.36, 0.365, 0.46, 0.675, 0.755, 0.765, 0.825, 0.825, 0.825, 0.705, 0.655, 0.665, 0.555, 0.405, 0.295, 0.185
0.24, 0.335, 0.35, 0.475, 0.47, 0.555, 0.59, 0.765, 0.815, 0.825, 0.83, 0.82, 0.775, 0.775, 0.695, 0.63, 0.525, 0.41, 0.275, 0.19
0.38, 0.445, 0.465, 0.515, 0.535, 0.635, 0.74, 0.825, 0.805, 0.835, 0.845, 0.88, 0.8, 0.745, 0.645, 0.65, 0.535, 0.345, 0.29, 0.2
0.425, 0.54, 0.55, 0.62, 0.675, 0.775, 0.86, 0.845, 0.9, 0.87, 0.855, 0.815, 0.79, 0.665, 0.66, 0.57, 0.51, 0.34, 0.32, 0.22
0.495, 0.615, 0.705, 0.695, 0.79, 0.825, 0.855, 0.89, 0.805, 0.865, 0.87, 0.805, 0.755, 0.71, 0.63, 0.575, 0.46, 0.39, 0.26, 0.225
0.66, 0.655, 0.695, 0.83, 0.815, 0.835, 0.85, 0.85, 0.9, 0.85, 0.82, 0.765, 0.79, 0.715, 0.6, 0.46, 0.445, 0.37, 0.305, 0.16
0.685, 0.76, 0.79, 0.835, 0.855, 0.85, 0.875, 0.855, 0.855, 0.84, 0.82, 0.755, 0.72, 0.73, 0.56, 0.535, 0.405, 0.32, 0.265, 0.15
0.705, 0.74, 0.8, 0.81, 0.885, 0.83, 0.845, 0.835, 0.89, 0.845, 0.805, 0.755, 0.665, 0.605, 0.6, 0.515, 0.345, 0.315, 0.185, 0.15
0.715, 0.795, 0.85, 0.845, 0.865, 0.825, 0.87, 0.86, 0.9, 0.9, 0.75, 0.705, 0.615, 0.595, 0.53, 0.475, 0.325, 0.34, 0.185, 0.145
0.79, 0.84, 0.845, 0.875, 0.865, 0.855, 0.875, 0.88, 0.845, 0.82, 0.73, 0.72, 0.66, 0.5, 0.48, 0.395, 0.3, 0.295, 0.16, 0.1
0.775, 0.855, 0.795, 0.875, 0.83, 0.835, 0.855, 0.855, 0.815, 0.78, 0.765, 0.605, 0.53, 0.505, 0.46, 0.365, 0.285, 0.16, 0.14, 0.08
0.81, 0.84, 0.88, 0.88, 0.87, 0.88, 0.83, 0.855, 0.82, 0.785, 0.775, 0.635, 0.535, 0.49, 0.34, 0.29, 0.195, 0.17, 0.075, 0.105
0.795, 0.87, 0.84, 0.85, 0.865, 0.86, 0.845, 0.795, 0.825, 0.75, 0.69, 0.66, 0.5, 0.415, 0.375, 0.22, 0.21, 0.11, 0.04, 0.03
0.835, 0.875, 0.9, 0.875, 0.88, 0.895, 0.83, 0.76, 0.76, 0.7, 0.645, 0.46, 0.38, 0.295, 0.26, 0.16, 0.085, 0.07, 0.055, 0.03
0.865, 0.905, 0.905, 0.88, 0.875, 0.875, 0.815, 0.815, 0.725, 0.645, 0.545, 0.305, 0.265, 0.195, 0.155, 0.085, 0.075, 0.055, 0.01, 0.015
0.785, 0.85, 0.88, 0.87, 0.88, 0.85, 0.745, 0.72, 0.615, 0.505, 0.33, 0.23, 0.145, 0.07, 0.085, 0.015, 0.01, 0.015, 0.01, 0.005
0, 0, 0, 0.01, 0.005, 0.025, 0.02, 0.015, 0.06, 0.11, 0.22, 0.325, 0.325, 0.45, 0.42, 0.34, 0.385, 0.255, 0.185, 0.14
0.005, 0.005, 0.02, 0.025, 0.02, 0.03, 0.045, 0.13, 0.195, 0.42, 0.515, 0.605, 0.575, 0.59, 0.56, 0.52, 0.44, 0.3, 0.31, 0.15
0.035, 0.025, 0.08, 0.085, 0.08, 0.065, 0.14, 0.24, 0.37, 0.58, 0.695, 0.725, 0.695, 0.575, 0.57, 0.58, 0.39, 0.325, 0.23, 0.19
0.095, 0.095, 0.14, 0.145, 0.155, 0.22, 0.27, 0.36, 0.615, 0.655, 0.725, 0.76, 0.72, 0.68, 0.62, 0.52, 0.47, 0.335, 0.22, 0.13
0.16, 0.205, 0.155, 0.245, 0.22, 0.285, 0.415, 0.575, 0.705, 0.735, 0.805, 0.73, 0.79, 0.665, 0.62, 0.535, 0.45, 0.345, 0.24, 0.195
0.25, 0.285, 0.27, 0.37, 0.37, 0.435, 0.535, 0.67, 0.79, 0.805, 0.78, 0.765, 0.755, 0.695, 0.63, 0.48, 0.345, 0.3, 0.195, 0.125
0.315, 0.395, 0.43, 0.435, 0.525, 0.58, 0.71, 0.76, 0.83, 0.855, 0.8, 0.785, 0.685, 0.63, 0.57, 0.485, 0.36, 0.265, 0.2, 0.19
0.47, 0.49, 0.49, 0.565, 0.605, 0.69, 0.74, 0.795, 0.79, 0.82, 0.845, 0.775, 0.685, 0.635, 0.58, 0.46, 0.41, 0.21, 0.2, 0.16
0.525, 0.575, 0.575, 0.645, 0.635, 0.765, 0.835, 0.855, 0.85, 0.85, 0.8, 0.745, 0.67, 0.58, 0.52, 0.42, 0.37, 0.26, 0.2, 0.155
0.655, 0.655, 0.735, 0.68, 0.775, 0.745, 0.835, 0.86, 0.885, 0.83, 0.71, 0.75, 0.665, 0.58, 0.51, 0.42, 0.325, 0.24, 0.145, 0.09
0.63, 0.72, 0.74, 0.775, 0.83, 0.9, 0.815, 0.82, 0.81, 0.77, 0.76, 0.72, 0.59, 0.59, 0.5, 0.42, 0.3, 0.285, 0.185, 0.11
0.72, 0.765, 0.735, 0.84, 0.76, 0.83, 0.865, 0.795, 0.82, 0.73, 0.71, 0.64, 0.555, 0.515, 0.45, 0.305, 0.295, 0.205, 0.185, 0.095
0.74, 0.85, 0.84, 0.84, 0.87, 0.82, 0.875, 0.795, 0.755, 0.71, 0.755, 0.665, 0.6, 0.45, 0.345, 0.32, 0.24, 0.235, 0.115, 0.08
0.745, 0.825, 0.85, 0.88, 0.84, 0.86, 0.815, 0.815, 0.765, 0.795, 0.72, 0.595, 0.58, 0.48, 0.42, 0.28, 0.205, 0.18, 0.08, 0.065
0.795, 0.815, 0.875, 0.85, 0.81, 0.845, 0.79, 0.8, 0.755, 0.685, 0.69, 0.525, 0.48, 0.425, 0.385, 0.235, 0.195, 0.14, 0.05, 0.06
0.85, 0.815, 0.835, 0.855, 0.86, 0.815, 0.805, 0.83, 0.74, 0.67, 0.62, 0.53, 0.425, 0.33, 0.305, 0.22, 0.125, 0.105, 0.08, 0.03
0.795, 0.855, 0.885, 0.87, 0.81, 0.795, 0.75, 0.74, 0.705, 0.725, 0.645, 0.51, 0.395, 0.26, 0.22, 0.165, 0.135, 0.095, 0.03, 0.03
0.79, 0.865, 0.915, 0.855, 0.87, 0.8, 0.84, 0.755, 0.715, 0.605, 0.52, 0.375, 0.295, 0.235, 0.205, 0.11, 0.085, 0.035, 0.035, 0.02
0.85, 0.865, 0.855, 0.845, 0.845, 0.805, 0.765, 0.73, 0.66, 0.515, 0.44, 0.28, 0.245, 0.18, 0.145, 0.06, 0.045, 0.01, 0.02, 0
0.85, 0.8, 0.82, 0.835, 0.815, 0.76, 0.71, 0.58, 0.465, 0.36, 0.255, 0.18, 0.105, 0.115, 0.06, 0.03, 0.03, 0.005, 0, 0
0, 0, 0, 0, 0.005, 0, 0.01, 0.01, 0.055, 0.09, 0.21, 0.2, 0.265, 0.225, 0.36, 0.18, 0.185, 0.17, 0.065, 0.05
0.005, 0.015, 0.005, 0.01, 0.01, 0.01, 0.025, 0.1, 0.095, 0.24, 0.335, 0.425, 0.465, 0.47, 0.385, 0.32, 0.34, 0.22, 0.145, 0.09
0.02, 0.02, 0.035, 0.04, 0.075, 0.055, 0.11, 0.13, 0.25, 0.46, 0.555, 0.525, 0.57, 0.525, 0.485, 0.385, 0.295, 0.305, 0.095, 0.05
0.065, 0.055, 0.065, 0.105, 0.12, 0.13, 0.18, 0.25, 0.44, 0.61, 0.625, 0.72, 0.64, 0.58, 0.46, 0.38, 0.355, 0.24, 0.115, 0.115
0.115, 0.15, 0.11, 0.175, 0.265, 0.21, 0.34, 0.455, 0.605, 0.63, 0.72, 0.65, 0.615, 0.555, 0.495, 0.405, 0.32, 0.18, 0.13, 0.09
0.19, 0.265, 0.23, 0.245, 0.255, 0.37, 0.445, 0.545, 0.645, 0.705, 0.61, 0.655, 0.68, 0.61, 0.48, 0.405, 0.28, 0.23, 0.15, 0.1
0.24, 0.32, 0.33, 0.33, 0.425, 0.525, 0.68, 0.71, 0.75, 0.705, 0.66, 0.695, 0.62, 0.545, 0.505, 0.32, 0.265, 0.19, 0.145, 0.115
0.295, 0.42, 0.4, 0.43, 0.535, 0.66, 0.725, 0.745, 0.72, 0.74, 0.71, 0.675, 0.615, 0.555, 0.435, 0.345, 0.265, 0.21, 0.175, 0.08
0.445, 0.49, 0.52, 0.595, 0.6, 0.655, 0.73, 0.79, 0.73, 0.78, 0.725, 0.675, 0.625, 0.56, 0.43, 0.38, 0.245, 0.16, 0.14, 0.1
0.58, 0.57, 0.57, 0.66, 0.77, 0.775, 0.775, 0.79, 0.805, 0.695, 0.695, 0.605, 0.57, 0.505, 0.405, 0.31, 0.205, 0.155, 0.16, 0.085
0.58, 0.665, 0.735, 0.675, 0.72, 0.765, 0.775, 0.8, 0.755, 0.74, 0.665, 0.575, 0.595, 0.525, 0.4, 0.34, 0.21, 0.165, 0.07, 0.075
0.645, 0.68, 0.735, 0.745, 0.82, 0.83, 0.835, 0.825, 0.825, 0.71, 0.735, 0.61, 0.56, 0.51, 0.38, 0.275, 0.24, 0.11, 0.12, 0.08
0.68, 0.735, 0.805, 0.765, 0.815, 0.78, 0.815, 0.8, 0.745, 0.61, 0.63, 0.62, 0.49, 0.425, 0.295, 0.25, 0.22, 0.155, 0.035, 0.07
0.655, 0.775, 0.815, 0.82, 0.845, 0.815, 0.83, 0.795, 0.7, 0.77, 0.64, 0.525, 0.485, 0.34, 0.315, 0.24, 0.185, 0.12, 0.03, 0.035
0.76, 0.79, 0.845, 0.83, 0.8, 0.845, 0.79, 0.795, 0.765, 0.735, 0.62, 0.515, 0.415, 0.275, 0.22, 0.18, 0.175, 0.105, 0.055, 0.025
0.805, 0.79, 0.845, 0.765, 0.825, 0.775, 0.725, 0.75, 0.69, 0.675, 0.54, 0.43, 0.36, 0.295, 0.215, 0.15, 0.105, 0.07, 0.055, 0.025
0.835, 0.845, 0.87, 0.86, 0.85, 0.865, 0.735, 0.705, 0.67, 0.54, 0.475, 0.425, 0.33, 0.28, 0.19, 0.15, 0.085, 0.06, 0.02, 0
0.85, 0.875, 0.85, 0.84, 0.845, 0.755, 0.77, 0.675, 0.595, 0.555, 0.44, 0.345, 0.27, 0.15, 0.085, 0.08, 0.06, 0.04, 0.035, 0.02
0.84, 0.825, 0.835, 0.855, 0.79, 0.71, 0.73, 0.675, 0.605, 0.445, 0.355, 0.215, 0.165, 0.115, 0.065, 0.03, 0.025, 0.015, 0.015, 0.01
0.845, 0.815, 0.825, 0.785, 0.735, 0.74, 0.68, 0.58, 0.51, 0.34, 0.215, 0.14, 0.06, 0.075, 0.03, 0.02, 0.015, 0.005, 0.01, 0
0, 0.01, 0, 0.005, 0, 0, 0.005, 0, 0.035, 0.065, 0.08, 0.185, 0.175, 0.185, 0.21, 0.09, 0.16, 0.1, 0.075, 0.05
0.005, 0.005, 0, 0.015, 0.01, 0.025, 0.01, 0.03, 0.07, 0.215, 0.26, 0.305, 0.4, 0.325, 0.28, 0.21, 0.17, 0.095, 0.06, 0.025
0.01, 0.01, 0.02, 0.03, 0.025, 0.035, 0.09, 0.105, 0.145, 0.355, 0.43, 0.5, 0.41, 0.405, 0.43, 0.22, 0.19, 0.17, 0.055, 0.03
0.035, 0.06, 0.03, 0.05, 0.04, 0.085, 0.135, 0.175, 0.41, 0.505, 0.555, 0.52, 0.49, 0.38, 0.39, 0.295, 0.24, 0.135, 0.1, 0.045
0.075, 0.11, 0.1, 0.085, 0.145, 0.14, 0.18, 0.395, 0.51, 0.52, 0.605, 0.55, 0.56, 0.395, 0.425, 0.285, 0.17, 0.165, 0.08, 0.035
0.155, 0.175, 0.15, 0.155, 0.26, 0.255, 0.275, 0.47, 0.56, 0.575, 0.58, 0.54, 0.5, 0.44, 0.34, 0.32, 0.18, 0.12, 0.07, 0.08
0.145, 0.215, 0.255, 0.285, 0.29, 0.385, 0.51, 0.605, 0.64, 0.695, 0.605, 0.56, 0.585, 0.51, 0.355, 0.33, 0.215, 0.12, 0.05, 0.07
0.245, 0.28, 0.355, 0.375, 0.39, 0.555, 0.65, 0.7, 0.65, 0.635, 0.56, 0.555, 0.5, 0.43, 0.355, 0.27, 0.185, 0.09, 0.095, 0.045
0.4, 0.455, 0.42, 0.43, 0.505, 0.6, 0.665, 0.665, 0.675, 0.765, 0.55, 0.535, 0.48, 0.41, 0.32, 0.255, 0.12, 0.105, 0.09, 0.05
0.43, 0.515, 0.515, 0.55, 0.605, 0.72, 0.665, 0.685, 0.655, 0.65, 0.59, 0.565, 0.48, 0.375, 0.3, 0.165, 0.165, 0.115, 0.06, 0.025
0.535, 0.525, 0.665, 0.665, 0.7, 0.67, 0.75, 0.695, 0.78, 0.635, 0.595, 0.51, 0.44, 0.405, 0.32, 0.28, 0.135, 0.105, 0.075, 0.025
0.495, 0.72, 0.695, 0.805, 0.755, 0.735, 0.74, 0.7, 0.665, 0.62, 0.575, 0.5, 0.46, 0.305, 0.26, 0.165, 0.17, 0.08, 0.035, 0.04
0.57, 0.73, 0.77, 0.825, 0.75, 0.77, 0.77, 0.695, 0.71, 0.585, 0.51, 0.51, 0.46, 0.325, 0.23, 0.185, 0.085, 0.035, 0.04, 0.02
0.77, 0.75, 0.735, 0.765, 0.82, 0.805, 0.67, 0.72, 0.65, 0.6, 0.53, 0.465, 0.315, 0.275, 0.22, 0.15, 0.075, 0.055, 0.03, 0.01
0.735, 0.765, 0.785, 0.81, 0.81, 0.8, 0.73, 0.705, 0.66, 0.535, 0.43, 0.36, 0.33, 0.26, 0.24, 0.11, 0.08, 0.045, 0.03, 0.015
0.81, 0.76, 0.83, 0.765, 0.81, 0.715, 0.715, 0.65, 0.59, 0.515, 0.405, 0.46, 0.24, 0.23, 0.13, 0.105, 0.05, 0.045, 0.015, 0.01
0.865, 0.81, 0.785, 0.76, 0.785, 0.71, 0.685, 0.655, 0.565, 0.505, 0.35, 0.305, 0.23, 0.14, 0.085, 0.07, 0.045, 0.035, 0.03, 0.01
0.8, 0.815, 0.78, 0.84, 0.725, 0.72, 0.685, 0.615, 0.565, 0.41, 0.345, 0.265, 0.19, 0.14, 0.06, 0.04, 0.025, 0.025, 0.01, 0
0.83, 0.85, 0.76, 0.84, 0.79, 0.67, 0.59, 0.51, 0.475, 0.32, 0.285, 0.165, 0.125, 0.095, 0.06, 0.05, 0.005, 0.005, 0, 0.005
0.825, 0.845, 0.835, 0.765, 0.745, 0.615, 0.61, 0.455, 0.42, 0.32, 0.145, 0.115, 0.035, 0.07, 0.02, 0, 0.015, 0, 0, 0.005
0, 0, 0.005, 0, 0, 0, 0, 0, 0.005, 0.04, 0.05, 0.08, 0.1, 0.095, 0.07, 0.08, 0.03, 0.04, 0.015, 0.01
0.005, 0, 0, 0.005, 0, 0.025, 0.01, 0.03, 0.04, 0.12, 0.175, 0.21, 0.235, 0.265, 0.195, 0.135, 0.095, 0.075, 0.055, 0.01
0.015, 0.005, 0.015, 0.015, 0.02, 0.03, 0.045, 0.035, 0.125, 0.215, 0.305, 0.28, 0.295, 0.245, 0.2, 0.15, 0.11, 0.06, 0.03, 0.02
0.025, 0.07, 0.025, 0.01, 0.075, 0.06, 0.07, 0.1, 0.335, 0.315, 0.345, 0.445, 0.335, 0.335, 0.195, 0.145, 0.14, 0.03, 0.025, 0.005
0.02, 0.065, 0.07, 0.06, 0.07, 0.065, 0.11, 0.27, 0.34, 0.34, 0.44, 0.415, 0.36, 0.345, 0.315, 0.17, 0.15, 0.08, 0.015, 0.01
0.1, 0.13, 0.125, 0.12, 0.115, 0.17, 0.265, 0.405, 0.505, 0.495, 0.485, 0.415, 0.305, 0.325, 0.24, 0.17, 0.095, 0.055, 0.045, 0.01
0.14, 0.18, 0.18, 0.165, 0.21, 0.245, 0.355, 0.53, 0.555, 0.475, 0.47, 0.425, 0.385, 0.305, 0.265, 0.115, 0.155, 0.075, 0.03, 0
0.25, 0.24, 0.26, 0.28, 0.275, 0.365, 0.48, 0.5, 0.64, 0.555, 0.51, 0.405, 0.375, 0.285, 0.245, 0.2, 0.13, 0.035, 0.02, 0.015
0.39, 0.25, 0.3, 0.365, 0.345, 0.555, 0.585, 0.585, 0.54, 0.52, 0.49, 0.45, 0.4, 0.365, 0.215, 0.135, 0.1, 0.07, 0.015, 0.01
0.29, 0.38, 0.41, 0.475, 0.5, 0.605, 0.53, 0.615, 0.57, 0.545, 0.525, 0.43, 0.38, 0.28, 0.18, 0.18, 0.07, 0.04, 0.02, 0
0.37, 0.46, 0.47, 0.585, 0.56, 0.64, 0.65, 0.605, 0.545, 0.525, 0.48, 0.385, 0.335, 0.21, 0.205, 0.095, 0.035, 0.045, 0.02, 0.015
0.5, 0.515, 0.61, 0.695, 0.605, 0.66, 0.68, 0.645, 0.625, 0.51, 0.43, 0.37, 0.355, 0.24, 0.17, 0.11, 0.06, 0.06, 0.025, 0.015
0.54, 0.58, 0.695, 0.705, 0.725, 0.745, 0.63, 0.615, 0.54, 0.515, 0.455, 0.3, 0.325, 0.27, 0.13, 0.08, 0.055, 0.02, 0.01, 0.005
0.605, 0.69, 0.685, 0.775, 0.755, 0.715, 0.665, 0.6, 0.56, 0.48, 0.48, 0.29, 0.23, 0.175, 0.11, 0.105, 0.06, 0.02, 0.02, 0.015
0.64, 0.715, 0.755, 0.745, 0.74, 0.65, 0.61, 0.56, 0.605, 0.505, 0.39, 0.315, 0.225, 0.18, 0.08, 0.07, 0.03, 0.015, 0.02, 0.02
0.75, 0.805, 0.79, 0.7, 0.725, 0.7, 0.6, 0.55, 0.505, 0.42, 0.325, 0.27, 0.21, 0.16, 0.115, 0.045, 0.035, 0.02, 0.01, 0.005
0.78, 0.77, 0.76, 0.77, 0.745, 0.675, 0.54, 0.605, 0.415, 0.455, 0.34, 0.225, 0.175, 0.055, 0.07, 0.055, 0.03, 0.005, 0, 0
0.79, 0.775, 0.83, 0.755, 0.65, 0.635, 0.58, 0.57, 0.39, 0.295, 0.26, 0.165, 0.1, 0.09, 0.045, 0.045, 0.005, 0.01, 0, 0
0.8, 0.815, 0.76, 0.73, 0.675, 0.63, 0.56, 0.5, 0.365, 0.3, 0.215, 0.125, 0.09, 0.055, 0.06, 0.04, 0.015, 0.01, 0.01, 0
0.815, 0.76, 0.725, 0.66, 0.69, 0.565, 0.47, 0.445, 0.31, 0.26, 0.145, 0.095, 0.045, 0.045, 0.015, 0.005, 0.005, 0, 0, 0
0, 0, 0, 0.005, 0, 0, 0.005, 0.005, 0.015, 0.015, 0.025, 0.085, 0.075, 0.085, 0.04, 0.07, 0.03, 0.01, 0, 0
0, 0, 0.005, 0, 0.005, 0, 0.005, 0.05, 0.01, 0.095, 0.07, 0.14, 0.145, 0.12, 0.065, 0.08, 0.065, 0.015, 0.01, 0
0, 0, 0.02, 0.005, 0.015, 0.01, 0.02, 0.055, 0.04, 0.13, 0.205, 0.17, 0.215, 0.105, 0.08, 0.09, 0.06, 0.035, 0.005, 0
0.01, 0, 0.02, 0.025, 0.02, 0.03, 0.055, 0.09, 0.175, 0.21, 0.255, 0.235, 0.21, 0.2, 0.14, 0.065, 0.04, 0.02, 0.02, 0.01
0.025, 0.015, 0.035, 0.055, 0.055, 0.05, 0.12, 0.185, 0.245, 0.24, 0.305, 0.32, 0.285, 0.21, 0.13, 0.11, 0.06, 0.03, 0.025, 0.005
0.065, 0.07, 0.08, 0.075, 0.07, 0.085, 0.13, 0.22, 0.325, 0.31, 0.3, 0.345, 0.255, 0.205, 0.135, 0.075, 0.07, 0.02, 0.015, 0.015
0.08, 0.125, 0.09, 0.15, 0.15, 0.145, 0.275, 0.34, 0.36, 0.36, 0.33, 0.29, 0.255, 0.155, 0.13, 0.1, 0.08, 0.03, 0.005, 0
0.185, 0.14, 0.155, 0.185, 0.165, 0.335, 0.385, 0.45, 0.435, 0.465, 0.395, 0.325, 0.26, 0.195, 0.14, 0.08, 0.06, 0.03, 0.01, 0.01
0.195, 0.275, 0.23, 0.22, 0.315, 0.4, 0.46, 0.445, 0.455, 0.415, 0.37, 0.315, 0.225, 0.2, 0.145, 0.08, 0.04, 0.03, 0, 0.015
0.32, 0.28, 0.32, 0.37, 0.39, 0.465, 0.48, 0.475, 0.505, 0.435, 0.42, 0.295, 0.3, 0.255, 0.085, 0.06, 0.045, 0.035, 0.015, 0.005
0.335, 0.355, 0.375, 0.48, 0.48, 0.535, 0.605, 0.51, 0.53, 0.44, 0.405, 0.285, 0.225, 0.205, 0.125, 0.03, 0.02, 0.02, 0.015, 0.01
0.425, 0.35, 0.385, 0.535, 0.555, 0.565, 0.52, 0.545, 0.445, 0.38, 0.355, 0.28, 0.19, 0.195, 0.065, 0.045, 0.035, 0.015, 0.01, 0.005
0.385, 0.455, 0.585, 0.545, 0.555, 0.54, 0.54, 0.455, 0.475, 0.395, 0.385, 0.275, 0.17, 0.105, 0.115, 0.03, 0.035, 0.01, 0.005, 0.005
0.475, 0.565, 0.635, 0.61, 0.585, 0.655, 0.53, 0.48, 0.505, 0.365, 0.32, 0.31, 0.175, 0.095, 0.07, 0.05, 0.05, 0, 0.01, 0
0.62, 0.68, 0.65, 0.63, 0.63, 0.6, 0.55, 0.46, 0.41, 0.345, 0.265, 0.215, 0.175, 0.135, 0.065, 0.03, 0.025, 0.015, 0.005, 0
0.675, 0.625, 0.7, 0.695, 0.605, 0.55, 0.535, 0.515, 0.35, 0.335, 0.245, 0.205, 0.095, 0.055, 0.05, 0.015, 0.02, 0.01, 0.01, 0
0.74, 0.755, 0.665, 0.66, 0.65, 0.585, 0.52, 0.495, 0.33, 0.255, 0.255, 0.12, 0.11, 0.07, 0.06, 0.025, 0.01, 0.01, 0, 0
0.76, 0.695, 0.73, 0.595, 0.57, 0.535, 0.455, 0.39, 0.265, 0.29, 0.185, 0.155, 0.1, 0.04, 0.04, 0.015, 0.005, 0.005, 0.01, 0
0.745, 0.73, 0.635, 0.635, 0.535, 0.545, 0.43, 0.36, 0.26, 0.22, 0.12, 0.095, 0.055, 0.035, 0.005, 0.015, 0.005, 0, 0, 0
0.8, 0.72, 0.695, 0.635, 0.55, 0.51, 0.405, 0.3, 0.225, 0.135, 0.08, 0.055, 0.025, 0, 0.01, 0, 0.005, 0, 0, 0