0.001, 0.001, 0.005, 0.011, 0.014, 0.022, 0.038, 0.057, 0.09, 0.134, 0.213, 0.259, 0.578, 0.638, 0.717, 0.727, 0.789, 0.793, 0.788, 0.809, 0.81, 0.819, 0.812, 0.83, 0.841
0.026, 0.036, 0.058, 0.082, 0.143, 0.228, 0.321, 0.435, 0.53, 0.652, 0.799, 0.893, 0.993, 1, 1, 1, 1, 1, 1, 0.999, 1, 0.999, 0.999, 1, 1
0.097, 0.135, 0.222, 0.29, 0.418, 0.519, 0.655, 0.76, 0.847, 0.908, 0.948, 0.997, 1, 1, 1, 1, 1, 1, 1, 1, 1, 1, 1, 1, 1
0.275, 0.393, 0.47, 0.601, 0.687, 0.806, 0.867, 0.915, 0.954, 0.975, 0.995, 1, 1, 1, 1, 1, 1, 1, 1, 1, 1, 1, 1, 1, 1
0.502, 0.658, 0.695, 0.833, 0.868, 0.932, 0.972, 0.986, 0.988, 0.998, 1, 1, 1, 1, 1, 1, 1, 1, 1, 1, 1, 1, 1, 1, 1
0.725, 0.842, 0.886, 0.934, 0.97, 0.983, 0.991, 0.998, 0.998, 1, 1, 1, 1, 1, 1, 1, 1, 1, 1, 1, 1, 1, 1, 1, 1
0.9, 0.931, 0.966, 0.984, 0.994, 0.997, 0.997, 1, 1, 1, 1, 1, 1, 1, 1, 1, 1, 1, 1, 1, 1, 1, 1, 1, 0.998
0.968, 0.983, 0.994, 0.997, 0.999, 0.999, 1, 1, 1, 1, 1, 1, 1, 1, 1, 1, 1, 1, 1, 1, 1, 1, 0.999, 0.999, 0.992
0.99, 0.994, 1, 0.999, 1, 1, 1, 1, 1, 1, 1, 1, 1, 1, 1, 1, 1, 1, 1, 1, 0.999, 1, 1, 0.995, 0.979
1, 0.999, 1, 1, 1, 1, 1, 1, 1, 1, 1, 1, 1, 1, 1, 1, 1, 1, 1, 1, 0.998, 0.996, 0.984, 0.976, 0.963
1, 1, 1, 1, 1, 1, 1, 1, 1, 1, 1, 1, 1, 1, 1, 1, 1, 1, 1, 0.999, 0.998, 0.982, 0.978, 0.948, 0.911
1, 1, 1, 1, 1, 1, 1, 1, 1, 1, 1, 1, 1, 1, 1, 1, 1, 1, 0.995, 0.999, 0.979, 0.949, 0.924, 0.879, 0.821
1, 1, 1, 1, 1, 1, 1, 1, 1, 1, 1, 1, 1, 1, 1, 1, 1, 1, 0.999, 0.975, 0.931, 0.868, 0.81, 0.749, 0.668
1, 1, 1, 1, 1, 1, 1, 1, 1, 1, 1, 1, 1, 1, 1, 0.999, 0.998, 0.998, 0.985, 0.927, 0.836, 0.763, 0.677, 0.56, 0.497
1, 1, 1, 1, 1, 1, 1, 1, 1, 1, 1, 1, 0.999, 1, 1, 0.999, 0.992, 0.968, 0.932, 0.81, 0.702, 0.606, 0.521, 0.396, 0.296
1, 1, 1, 1, 1, 1, 1, 1, 1, 1, 1, 1, 1, 0.999, 0.997, 0.989, 0.976, 0.929, 0.794, 0.664, 0.56, 0.417, 0.331, 0.231, 0.174
1, 1, 1, 1, 1, 1, 1, 1, 1, 1, 1, 1, 0.999, 0.997, 0.993, 0.968, 0.914, 0.786, 0.557, 0.47, 0.316, 0.226, 0.177, 0.098, 0.059
1, 1, 1, 1, 1, 1, 1, 1, 1, 1, 1, 1, 0.998, 0.997, 0.977, 0.928, 0.775, 0.513, 0.362, 0.268, 0.175, 0.098, 0.079, 0.045, 0.026
1, 1, 1, 1, 1, 1, 1, 1, 0.999, 1, 1, 0.997, 0.995, 0.978, 0.933, 0.803, 0.561, 0.33, 0.21, 0.17, 0.074, 0.037, 0.025, 0.009, 0.006
1, 1, 1, 1, 1, 1, 0.999, 1, 0.999, 1, 0.999, 0.989, 0.979, 0.937, 0.819, 0.571, 0.29, 0.178, 0.109, 0.055, 0.02, 0.016, 0.007, 0.004, 0
1, 1, 0.999, 0.999, 1, 1, 1, 0.998, 0.998, 0.997, 0.994, 0.983, 0.94, 0.826, 0.618, 0.293, 0.14, 0.067, 0.044, 0.014, 0.008, 0.002, 0.002, 0.001, 0.001
0.997, 0.998, 0.999, 0.999, 0.999, 0.999, 0.996, 0.996, 0.993, 0.987, 0.977, 0.941, 0.867, 0.651, 0.312, 0.12, 0.067, 0.017, 0.005, 0.002, 0.001, 0.001, 0, 0, 0
0.994, 0.996, 0.988, 0.993, 0.989, 0.997, 0.982, 0.984, 0.973, 0.947, 0.911, 0.805, 0.688, 0.419, 0.137, 0.039, 0.017, 0.007, 0, 0.002, 0, 0, 0, 0, 0
0.957, 0.955, 0.952, 0.944, 0.923, 0.932, 0.92, 0.897, 0.859, 0.816, 0.759, 0.613, 0.413, 0.143, 0.029, 0.006, 0.006, 0, 0, 0, 0, 0, 0, 0, 0
0.466, 0.448, 0.36, 0.35, 0.354, 0.334, 0.341, 0.323, 0.25, 0.215, 0.154, 0.12, 0.055, 0.01, 0.004, 0, 0.001, 0, 0, 0, 0, 0, 0, 0, 0
0.001, 0, 0.001, 0.008, 0.01, 0.015, 0.034, 0.064, 0.096, 0.116, 0.183, 0.252, 0.55, 0.666, 0.697, 0.738, 0.747, 0.755, 0.791, 0.791, 0.797, 0.819, 0.814, 0.824, 0.829
0.015, 0.026, 0.056, 0.071, 0.12, 0.183, 0.263, 0.386, 0.496, 0.658, 0.747, 0.868, 0.994, 0.999, 1, 1, 1, 1, 1, 0.999, 1, 1, 1, 0.999, 0.999
0.078, 0.122, 0.181, 0.279, 0.371, 0.482, 0.593, 0.702, 0.802, 0.893, 0.954, 0.991, 1, 1, 1, 1, 1, 1, 1, 1, 1, 1, 1, 1, 1
0.237, 0.328, 0.426, 0.533, 0.681, 0.765, 0.841, 0.909, 0.942, 0.976, 0.998, 1, 1, 1, 1, 1, 1, 1, 1, 1, 1, 1, 1, 1, 1
0.451, 0.588, 0.689, 0.795, 0.846, 0.912, 0.941, 0.972, 0.993, 0.998, 1, 1, 1, 1, 1, 1, 1, 1, 1, 1, 1, 1, 1, 1, 1
0.716, 0.812, 0.864, 0.905, 0.96, 0.974, 0.987, 0.994, 0.999, 1, 1, 1, 1, 1, 1, 1, 1, 1, 1, 1, 1, 1, 1, 1, 1
0.879, 0.914, 0.954, 0.974, 0.991, 0.998, 0.999, 1, 1, 1, 1, 1, 1, 1, 1, 1, 1, 1, 1, 1, 1, 1, 1, 1, 1
0.945, 0.984, 0.987, 0.993, 0.994, 1, 0.999, 1, 1, 1, 1, 1, 1, 1, 1, 1, 1, 1, 1, 1, 1, 1, 1, 0.999, 0.998
0.979, 0.994, 0.997, 0.999, 0.999, 1, 1, 1, 1, 1, 1, 1, 1, 1, 1, 1, 1, 1, 1, 1, 1, 0.999, 0.999, 0.996, 0.988
0.999, 1, 0.999, 1, 1, 1, 1, 1, 1, 1, 1, 1, 1, 1, 1, 1, 1, 1, 1, 0.999, 0.998, 0.998, 0.989, 0.985, 0.976
0.999, 0.999, 1, 1, 1, 1, 1, 1, 1, 1, 1, 1, 1, 1, 1, 1, 1, 1, 1, 1, 0.998, 0.993, 0.981, 0.957, 0.934
1, 1, 1, 1, 1, 1, 1, 1, 1, 1, 1, 1, 1, 1, 1, 1, 0.999, 1, 1, 0.998, 0.979, 0.961, 0.946, 0.9, 0.856
1, 1, 1, 1, 1, 1, 1, 1, 1, 1, 1, 1, 1, 1, 1, 1, 1, 1, 0.994, 0.991, 0.956, 0.915, 0.864, 0.797, 0.739
1, 1, 1, 1, 1, 1, 1, 1, 1, 1, 1, 1, 1, 1, 1, 0.999, 0.998, 0.997, 0.992, 0.969, 0.878, 0.831, 0.727, 0.628, 0.577
1, 1, 1, 1, 1, 1, 1, 1, 1, 1, 1, 1, 1, 1, 1, 0.997, 0.995, 0.978, 0.94, 0.853, 0.771, 0.689, 0.586, 0.482, 0.384
1, 1, 1, 1, 1, 1, 1, 1, 1, 1, 1, 1, 1, 1, 1, 0.996, 0.983, 0.945, 0.818, 0.716, 0.568, 0.526, 0.382, 0.265, 0.214
1, 1, 1, 1, 1, 1, 1, 1, 1, 1, 1, 1, 1, 0.999, 0.996, 0.982, 0.943, 0.826, 0.646, 0.525, 0.416, 0.317, 0.2, 0.138, 0.081
1, 1, 1, 1, 1, 1, 1, 1, 1, 1, 1, 1, 0.998, 0.999, 0.981, 0.946, 0.821, 0.6, 0.431, 0.349, 0.233, 0.165, 0.097, 0.064, 0.041
1, 1, 1, 1, 1, 1, 1, 1, 1, 1, 1, 1, 0.995, 0.983, 0.946, 0.846, 0.574, 0.365, 0.266, 0.174, 0.095, 0.057, 0.036, 0.022, 0.009
1, 1, 1, 1, 1, 1, 1, 0.999, 0.999, 1, 0.998, 0.997, 0.988, 0.943, 0.859, 0.62, 0.366, 0.208, 0.114, 0.071, 0.048, 0.027, 0.007, 0.005, 0.003
1, 1, 1, 1, 1, 0.999, 1, 0.999, 0.998, 0.997, 0.994, 0.987, 0.957, 0.879, 0.688, 0.34, 0.175, 0.091, 0.044, 0.03, 0.01, 0.009, 0.001, 0.001, 0
1, 0.998, 0.999, 0.999, 1, 1, 0.999, 0.996, 0.998, 0.988, 0.992, 0.963, 0.892, 0.697, 0.369, 0.15, 0.077, 0.028, 0.012, 0.006, 0.001, 0.003, 0.001, 0.001, 0
0.999, 0.995, 0.996, 0.994, 0.993, 0.99, 0.991, 0.983, 0.981, 0.967, 0.934, 0.888, 0.771, 0.492, 0.174, 0.058, 0.012, 0.004, 0.003, 0, 0.001, 0, 0, 0, 0
0.971, 0.965, 0.969, 0.951, 0.956, 0.931, 0.943, 0.921, 0.888, 0.857, 0.799, 0.706, 0.481, 0.171, 0.049, 0.017, 0.007, 0.003, 0, 0.001, 0.001, 0, 0, 0, 0
0.447, 0.451, 0.412, 0.426, 0.405, 0.392, 0.339, 0.335, 0.288, 0.259, 0.174, 0.136, 0.063, 0.015, 0.003, 0.001, 0, 0, 0, 0, 0, 0, 0, 0, 0
0, 0.003, 0.001, 0.004, 0.009, 0.018, 0.023, 0.046, 0.083, 0.112, 0.153, 0.233, 0.542, 0.654, 0.67, 0.719, 0.72, 0.786, 0.77, 0.786, 0.777, 0.785, 0.795, 0.818, 0.826
0.006, 0.017, 0.031, 0.056, 0.09, 0.166, 0.261, 0.35, 0.462, 0.593, 0.715, 0.846, 0.987, 1, 1, 1, 1, 1, 1, 1, 1, 0.999, 1, 0.999, 1
0.076, 0.096, 0.168, 0.231, 0.342, 0.459, 0.569, 0.664, 0.796, 0.87, 0.943, 0.991, 0.999, 1, 1, 1, 1, 1, 1, 1, 1, 1, 1, 1, 1
0.226, 0.297, 0.381, 0.484, 0.605, 0.701, 0.822, 0.886, 0.933, 0.968, 0.995, 1, 1, 1, 1, 1, 1, 1, 1, 1, 1, 1, 1, 1, 1
0.419, 0.509, 0.655, 0.74, 0.836, 0.883, 0.945, 0.967, 0.98, 0.991, 1, 1, 1, 1, 1, 1, 1, 1, 1, 1, 1, 1, 1, 1, 1
0.645, 0.749, 0.848, 0.903, 0.939, 0.971, 0.987, 0.996, 0.998, 1, 1, 1, 1, 1, 1, 1, 1, 1, 1, 1, 1, 1, 1, 1, 1
0.841, 0.895, 0.943, 0.969, 0.983, 0.994, 0.995, 1, 1, 1, 1, 1, 1, 1, 1, 1, 1, 1, 1, 1, 1, 1, 1, 1, 1
0.929, 0.969, 0.987, 0.994, 0.995, 1, 1, 0.999, 1, 1, 1, 1, 1, 1, 1, 1, 1, 1, 1, 1, 1, 1, 1, 1, 1
0.986, 0.994, 0.996, 0.999, 0.999, 1, 1, 1, 1, 1, 1, 1, 1, 1, 1, 1, 1, 1, 1, 1, 1, 0.999, 0.999, 0.996, 0.996
0.997, 0.998, 1, 1, 1, 1, 1, 1, 1, 1, 1, 1, 1, 1, 1, 1, 1, 1, 1, 1, 0.999, 0.999, 0.998, 0.991, 0.985
1, 1, 1, 1, 1, 1, 1, 1, 1, 1, 1, 1, 1, 1, 1, 1, 1, 1, 1, 1, 0.998, 0.997, 0.981, 0.982, 0.952
1, 1, 1, 1, 1, 1, 1, 1, 1, 1, 1, 1, 1, 1, 1, 1, 1, 1, 0.999, 0.998, 0.992, 0.981, 0.969, 0.931, 0.909
1, 1, 1, 1, 1, 1, 1, 1, 1, 1, 1, 1, 1, 1, 1, 1, 1, 0.999, 0.998, 0.992, 0.971, 0.933, 0.921, 0.859, 0.813
1, 1, 1, 1, 1, 1, 1, 1, 1, 1, 1, 1, 1, 1, 1, 1, 0.998, 0.998, 0.992, 0.969, 0.913, 0.869, 0.805, 0.72, 0.652
1, 1, 1, 1, 1, 1, 1, 1, 1, 1, 1, 1, 1, 1, 1, 0.999, 0.999, 0.992, 0.966, 0.9, 0.84, 0.719, 0.65, 0.548, 0.48
1, 1, 1, 1, 1, 1, 1, 1, 1, 1, 1, 1, 1, 1, 1, 0.997, 0.984, 0.966, 0.857, 0.778, 0.656, 0.568, 0.452, 0.367, 0.254
1, 1, 1, 1, 1, 1, 1, 1, 1, 1, 1, 1, 1, 1, 0.997, 0.99, 0.957, 0.869, 0.709, 0.582, 0.477, 0.37, 0.267, 0.181, 0.113
1, 1, 1, 1, 1, 1, 1, 1, 1, 1, 1, 1, 0.999, 1, 0.988, 0.967, 0.86, 0.662, 0.518, 0.391, 0.294, 0.198, 0.13, 0.091, 0.034
1, 1, 1, 1, 1, 1, 1, 1, 1, 1, 1, 1, 0.999, 0.985, 0.959, 0.885, 0.683, 0.439, 0.298, 0.208, 0.152, 0.09, 0.062, 0.027, 0.015
1, 1, 1, 1, 1, 1, 1, 1, 0.999, 1, 0.999, 0.997, 0.997, 0.961, 0.901, 0.678, 0.4, 0.238, 0.175, 0.087, 0.059, 0.026, 0.011, 0.004, 0.003
1, 1, 1, 1, 1, 1, 1, 1, 0.999, 1, 0.999, 0.991, 0.963, 0.888, 0.75, 0.379, 0.217, 0.144, 0.068, 0.04, 0.019, 0.008, 0.005, 0.002, 0
1, 1, 1, 1, 1, 1, 0.999, 0.998, 0.998, 0.997, 0.99, 0.971, 0.92, 0.769, 0.47, 0.172, 0.078, 0.046, 0.023, 0.007, 0.002, 0.001, 0.001, 0, 0
0.996, 0.998, 0.995, 0.994, 0.994, 0.996, 0.998, 0.999, 0.988, 0.979, 0.963, 0.907, 0.805, 0.54, 0.196, 0.066, 0.025, 0.015, 0.009, 0.002, 0, 0, 0, 0, 0
0.98, 0.973, 0.974, 0.963, 0.968, 0.963, 0.962, 0.944, 0.931, 0.908, 0.83, 0.753, 0.52, 0.221, 0.06, 0.015, 0.011, 0, 0, 0, 0, 0, 0, 0, 0
0.497, 0.462, 0.449, 0.438, 0.43, 0.41, 0.423, 0.345, 0.337, 0.259, 0.253, 0.143, 0.109, 0.022, 0.009, 0, 0, 0.001, 0, 0, 0, 0, 0, 0, 0
0, 0.001, 0, 0.006, 0.003, 0.014, 0.013, 0.039, 0.048, 0.086, 0.148, 0.233, 0.518, 0.593, 0.67, 0.712, 0.738, 0.758, 0.767, 0.78, 0.775, 0.767, 0.797, 0.807, 0.829
0.005, 0.018, 0.024, 0.046, 0.087, 0.153, 0.211, 0.286, 0.423, 0.542, 0.701, 0.843, 0.99, 0.998, 1, 0.999, 1, 0.999, 1, 1, 0.999, 1, 1, 1, 1
0.048, 0.071, 0.125, 0.205, 0.31, 0.382, 0.502, 0.633, 0.73, 0.856, 0.932, 0.986, 0.999, 1, 1, 1, 1, 1, 1, 1, 1, 1, 1, 1, 1
0.14, 0.244, 0.342, 0.424, 0.55, 0.652, 0.764, 0.863, 0.929, 0.966, 0.992, 1, 1, 1, 1, 1, 1, 1, 1, 1, 1, 1, 1, 1, 1
0.38, 0.495, 0.589, 0.709, 0.767, 0.864, 0.924, 0.968, 0.983, 0.991, 0.999, 1, 1, 1, 1, 1, 1, 1, 1, 1, 1, 1, 1, 1, 1
0.587, 0.708, 0.787, 0.878, 0.907, 0.946, 0.978, 0.991, 0.997, 1, 1, 1, 1, 1, 1, 1, 1, 1, 1, 1, 1, 1, 1, 1, 1
0.771, 0.865, 0.909, 0.944, 0.984, 0.984, 0.996, 1, 1, 1, 1, 1, 1, 1, 1, 1, 1, 1, 1, 1, 1, 1, 1, 1, 1
0.917, 0.96, 0.981, 0.991, 0.995, 0.996, 1, 1, 1, 1, 1, 1, 1, 1, 1, 1, 1, 1, 1, 1, 1, 1, 1, 1, 1
0.97, 0.99, 0.995, 0.996, 0.999, 0.999, 1, 1, 1, 1, 1, 1, 1, 1, 1, 1, 1, 1, 1, 1, 1, 1, 1, 0.998, 0.999
0.993, 1, 0.997, 0.999, 1, 1, 1, 1, 1, 1, 1, 1, 1, 1, 1, 1, 1, 1, 1, 1, 1, 1, 0.997, 0.997, 0.989
0.994, 0.997, 1, 0.999, 1, 1, 1, 1, 1, 1, 1, 1, 1, 1, 1, 1, 1, 1, 1, 1, 0.997, 0.997, 0.997, 0.982, 0.962
1, 1, 1, 1, 1, 1, 1, 1, 1, 1, 1, 1, 1, 1, 1, 1, 1, 1, 1, 1, 0.997, 0.988, 0.977, 0.965, 0.939
1, 1, 1, 1, 1, 1, 1, 1, 1, 1, 1, 1, 1, 1, 1, 1, 1, 1, 1, 0.997, 0.983, 0.97, 0.922, 0.881, 0.814
1, 1, 1, 1, 1, 1, 1, 1, 1, 1, 1, 1, 1, 1, 1, 1, 0.998, 0.998, 0.994, 0.969, 0.93, 0.906, 0.843, 0.778, 0.714
1, 1, 1, 1, 1, 1, 1, 1, 1, 1, 1, 1, 1, 1, 1, 0.999, 0.999, 0.998, 0.976, 0.909, 0.862, 0.778, 0.693, 0.629, 0.509
1, 1, 1, 1, 1, 1, 1, 1, 1, 1, 1, 1, 1, 1, 1, 1, 0.993, 0.979, 0.895, 0.821, 0.759, 0.634, 0.538, 0.437, 0.328
1, 1, 1, 1, 1, 1, 1, 1, 1, 1, 1, 1, 1, 1, 0.999, 0.996, 0.975, 0.911, 0.774, 0.65, 0.551, 0.457, 0.366, 0.257, 0.156
1, 1, 1, 1, 1, 1, 1, 1, 1, 1, 1, 1, 1, 0.999, 0.988, 0.982, 0.893, 0.719, 0.592, 0.471, 0.331, 0.254, 0.172, 0.132, 0.07
1, 1, 1, 1, 1, 1, 1, 1, 1, 1, 1, 1, 0.998, 0.997, 0.98, 0.922, 0.732, 0.505, 0.378, 0.281, 0.179, 0.135, 0.089, 0.038, 0.011
1, 1, 1, 1, 1, 1, 1, 1, 1, 0.999, 1, 0.999, 0.992, 0.977, 0.923, 0.748, 0.456, 0.299, 0.212, 0.12, 0.07, 0.045, 0.029, 0.013, 0.007
1, 1, 1, 1, 1, 1, 1, 1, 1, 0.999, 1, 0.997, 0.975, 0.932, 0.801, 0.482, 0.255, 0.161, 0.085, 0.043, 0.029, 0.012, 0.005, 0.002, 0.001
1, 0.999, 1, 1, 1, 1, 1, 0.999, 0.998, 0.996, 0.997, 0.979, 0.939, 0.825, 0.494, 0.255, 0.146, 0.051, 0.03, 0.014, 0.003, 0.004, 0, 0.001, 0
0.999, 1, 0.999, 0.997, 0.999, 0.998, 0.994, 0.994, 0.995, 0.991, 0.972, 0.94, 0.852, 0.584, 0.235, 0.105, 0.035, 0.023, 0.007, 0.002, 0.002, 0, 0, 0, 0
0.982, 0.989, 0.98, 0.978, 0.966, 0.974, 0.973, 0.948, 0.957, 0.905, 0.868, 0.78, 0.593, 0.243, 0.088, 0.028, 0.011, 0.001, 0, 0, 0, 0, 0, 0, 0
0.523, 0.513, 0.477, 0.462, 0.439, 0.428, 0.425, 0.393, 0.37, 0.333, 0.257, 0.183, 0.104, 0.033, 0.006, 0.001, 0.001, 0, 0, 0, 0, 0, 0, 0, 0
0, 0.001, 0.002, 0, 0.005, 0.011, 0.016, 0.029, 0.055, 0.092, 0.143, 0.223, 0.496, 0.597, 0.645, 0.673, 0.722, 0.71, 0.777, 0.749, 0.787, 0.769, 0.771, 0.788, 0.804
0.006, 0.013, 0.021, 0.026, 0.079, 0.114, 0.199, 0.281, 0.389, 0.499, 0.685, 0.826, 0.984, 0.997, 0.999, 1, 1, 0.999, 1, 1, 1, 1, 1, 1, 1
0.051, 0.048, 0.109, 0.142, 0.227, 0.37, 0.451, 0.536, 0.724, 0.823, 0.895, 0.991, 0.996, 1, 1, 1, 1, 1, 1, 1, 1, 1, 1, 1, 1
0.144, 0.212, 0.283, 0.367, 0.496, 0.622, 0.721, 0.829, 0.884, 0.957, 0.989, 1, 1, 1, 1, 1, 1, 1, 1, 1, 1, 1, 1, 1, 1
0.306, 0.385, 0.516, 0.657, 0.742, 0.825, 0.895, 0.941, 0.965, 0.979, 1, 1, 1, 1, 1, 1, 1, 1, 1, 1, 1, 1, 1, 1, 1
0.536, 0.663, 0.767, 0.839, 0.889, 0.947, 0.967, 0.987, 0.993, 1, 1, 1, 1, 1, 1, 1, 1, 1, 1, 1, 1, 1, 1, 1, 1
0.758, 0.872, 0.909, 0.938, 0.964, 0.987, 0.996, 0.995, 1, 1, 1, 1, 1, 1, 1, 1, 1, 1, 1, 1, 1, 1, 1, 1, 1
0.915, 0.953, 0.959, 0.973, 0.994, 0.998, 0.998, 1, 1, 1, 1, 1, 1, 1, 1, 1, 1, 1, 1, 1, 1, 1, 1, 1, 1
0.961, 0.981, 0.994, 0.997, 0.999, 1, 1, 1, 1, 1, 1, 1, 1, 1, 1, 1, 1, 1, 1, 1, 1, 1, 1, 0.999, 0.999
0.995, 0.996, 1, 1, 1, 1, 1, 1, 1, 1, 1, 1, 1, 1, 1, 1, 1, 1, 1, 1, 1, 1, 1, 0.996, 0.993
0.998, 1, 0.999, 1, 1, 1, 1, 1, 1, 1, 1, 1, 1, 1, 1, 1, 1, 1, 1, 1, 1, 0.997, 0.997, 0.988, 0.987
1, 1, 1, 1, 1, 1, 1, 1, 1, 1, 1, 1, 1, 1, 1, 1, 1, 1, 1, 1, 0.997, 0.991, 0.985, 0.966, 0.944
1, 1, 1, 1, 1, 1, 1, 1, 1, 1, 1, 1, 1, 1, 1, 1, 1, 1, 0.999, 0.997, 0.986, 0.971, 0.966, 0.917, 0.883
1, 1, 1, 1, 1, 1, 1, 1, 1, 1, 1, 1, 1, 1, 1, 1, 1, 1, 0.996, 0.989, 0.962, 0.937, 0.885, 0.837, 0.742
1, 1, 1, 1, 1, 1, 1, 1, 1, 1, 1, 1, 1, 1, 1, 1, 0.999, 0.998, 0.981, 0.946, 0.915, 0.841, 0.777, 0.695, 0.599
1, 1, 1, 1, 1, 1, 1, 1, 1, 1, 1, 1, 1, 1, 0.999, 1, 0.994, 0.982, 0.923, 0.862, 0.813, 0.719, 0.596, 0.485, 0.414
1, 1, 1, 1, 1, 1, 1, 1, 1, 1, 1, 1, 1, 1, 1, 0.993, 0.976, 0.937, 0.815, 0.722, 0.636, 0.519, 0.438, 0.322, 0.236
1, 1, 1, 1, 1, 1, 1, 1, 1, 1, 1, 1, 0.999, 1, 0.997, 0.979, 0.923, 0.784, 0.66, 0.556, 0.428, 0.342, 0.238, 0.164, 0.096
1, 1, 1, 1, 1, 1, 1, 1, 1, 1, 1, 1, 0.999, 0.993, 0.986, 0.939, 0.806, 0.577, 0.443, 0.374, 0.241, 0.165, 0.088, 0.057, 0.037
1, 1, 1, 1, 1, 1, 1, 1, 1, 1, 1, 1, 0.997, 0.985, 0.927, 0.786, 0.533, 0.377, 0.28, 0.167, 0.096, 0.059, 0.029, 0.021, 0.007
1, 1, 1, 1, 1, 1, 1, 1, 1, 0.999, 0.999, 0.997, 0.988, 0.948, 0.841, 0.508, 0.301, 0.227, 0.1, 0.071, 0.032, 0.016, 0.009, 0.005, 0
1, 1, 1, 1, 1, 1, 0.999, 0.999, 0.999, 0.997, 0.996, 0.99, 0.961, 0.856, 0.553, 0.293, 0.127, 0.101, 0.042, 0.016, 0.005, 0.006, 0, 0, 0
1, 1, 1, 0.998, 0.999, 0.999, 0.998, 0.997, 0.998, 0.991, 0.984, 0.962, 0.892, 0.649, 0.248, 0.098, 0.059, 0.029, 0.009, 0.003, 0, 0, 0, 0, 0
0.989, 0.989, 0.978, 0.988, 0.991, 0.982, 0.976, 0.963, 0.951, 0.943, 0.915, 0.801, 0.661, 0.306, 0.103, 0.038, 0.006, 0.007, 0.001, 0.001, 0, 0, 0, 0, 0
0.531, 0.512, 0.503, 0.459, 0.477, 0.445, 0.448, 0.399, 0.402, 0.331, 0.323, 0.224, 0.131, 0.038, 0.007, 0.002, 0.001, 0, 0, 0, 0, 0, 0, 0, 0
0, 0, 0.001, 0.001, 0.002, 0.009, 0.013, 0.024, 0.054, 0.088, 0.114, 0.207, 0.481, 0.562, 0.615, 0.67, 0.721, 0.728, 0.745, 0.74, 0.759, 0.763, 0.755, 0.775, 0.805
0.002, 0.012, 0.013, 0.031, 0.059, 0.092, 0.169, 0.256, 0.346, 0.495, 0.616, 0.801, 0.984, 0.995, 0.998, 1, 0.999, 1, 0.999, 1, 0.999, 1, 1, 0.999, 1
0.03, 0.046, 0.084, 0.117, 0.187, 0.29, 0.401, 0.516, 0.644, 0.762, 0.893, 0.987, 1, 1, 1, 1, 1, 1, 1, 1, 1, 1, 1, 1, 1
0.107, 0.155, 0.242, 0.349, 0.479, 0.588, 0.687, 0.806, 0.873, 0.937, 0.983, 0.999, 1, 1, 1, 1, 1, 1, 1, 1, 1, 1, 1, 1, 1
0.287, 0.357, 0.477, 0.579, 0.689, 0.797, 0.877, 0.924, 0.958, 0.983, 1, 1, 1, 1, 1, 1, 1, 1, 1, 1, 1, 1, 1, 1, 1
0.481, 0.592, 0.703, 0.793, 0.879, 0.909, 0.945, 0.977, 0.989, 0.998, 1, 1, 1, 1, 1, 1, 1, 1, 1, 1, 1, 1, 1, 1, 1
0.725, 0.802, 0.884, 0.9, 0.967, 0.985, 0.99, 0.998, 1, 1, 1, 1, 1, 1, 1, 1, 1, 1, 1, 1, 1, 1, 1, 1, 1
0.879, 0.925, 0.962, 0.967, 0.994, 0.997, 0.998, 1, 1, 1, 1, 1, 1, 1, 1, 1, 1, 1, 1, 1, 1, 1, 1, 1, 1
0.945, 0.975, 0.986, 0.995, 0.999, 0.998, 1, 1, 1, 1, 1, 1, 1, 1, 1, 1, 1, 1, 1, 1, 1, 1, 1, 1, 0.997
0.987, 0.995, 1, 0.999, 1, 1, 1, 1, 1, 1, 1, 1, 1, 1, 1, 1, 1, 1, 1, 1, 1, 1, 1, 0.997, 0.996
0.997, 1, 1, 1, 0.999, 1, 1, 1, 1, 1, 1, 1, 1, 1, 1, 1, 1, 1, 1, 1, 1, 0.999, 0.998, 0.992, 0.99
0.998, 1, 1, 1, 1, 1, 1, 1, 1, 1, 1, 1, 1, 1, 1, 1, 1, 1, 1, 1, 0.999, 0.998, 0.99, 0.977, 0.968
1, 1, 1, 1, 1, 1, 1, 1, 1, 1, 1, 1, 1, 1, 1, 1, 1, 1, 1, 0.999, 0.992, 0.981, 0.973, 0.957, 0.899
1, 1, 1, 1, 1, 1, 1, 1, 1, 1, 1, 1, 1, 1, 1, 1, 1, 0.998, 0.996, 0.993, 0.972, 0.954, 0.915, 0.885, 0.814
1, 1, 1, 1, 1, 1, 1, 1, 1, 1, 1, 1, 1, 1, 1, 1, 1, 1, 0.988, 0.976, 0.936, 0.884, 0.824, 0.745, 0.652
1, 1, 1, 1, 1, 1, 1, 1, 1, 1, 1, 1, 1, 1, 1, 0.999, 0.997, 0.987, 0.947, 0.896, 0.84, 0.76, 0.663, 0.564, 0.45
1, 1, 1, 1, 1, 1, 1, 1, 1, 1, 1, 1, 1, 1, 1, 0.996, 0.986, 0.945, 0.869, 0.752, 0.679, 0.598, 0.475, 0.364, 0.245
1, 1, 1, 1, 1, 1, 1, 1, 1, 1, 1, 1, 1, 1, 0.998, 0.993, 0.955, 0.844, 0.706, 0.604, 0.481, 0.399, 0.259, 0.198, 0.124
1, 1, 1, 1, 1, 1, 1, 1, 1, 1, 1, 0.999, 1, 1, 0.981, 0.956, 0.831, 0.648, 0.544, 0.391, 0.313, 0.202, 0.142, 0.082, 0.055
1, 1, 1, 1, 1, 1, 1, 1, 1, 1, 1, 0.999, 0.998, 0.991, 0.969, 0.846, 0.605, 0.432, 0.344, 0.231, 0.146, 0.099, 0.039, 0.035, 0.015
1, 1, 1, 1, 1, 1, 1, 0.999, 1, 1, 1, 0.999, 0.993, 0.965, 0.845, 0.553, 0.388, 0.255, 0.147, 0.089, 0.044, 0.029, 0.014, 0.004, 0.002
1, 1, 0.999, 1, 1, 0.999, 1, 0.999, 1, 0.998, 1, 0.989, 0.966, 0.901, 0.623, 0.305, 0.186, 0.124, 0.063, 0.034, 0.016, 0.008, 0.003, 0.002, 0
1, 1, 0.999, 1, 0.998, 0.997, 0.999, 0.996, 0.998, 0.996, 0.992, 0.974, 0.881, 0.673, 0.312, 0.165, 0.067, 0.028, 0.014, 0.002, 0.001, 0, 0, 0, 0
0.994, 0.99, 0.988, 0.99, 0.99, 0.982, 0.983, 0.979, 0.978, 0.959, 0.927, 0.865, 0.722, 0.323, 0.113, 0.047, 0.017, 0.012, 0, 0, 0.001, 0, 0, 0, 0
0.584, 0.529, 0.542, 0.51, 0.496, 0.489, 0.477, 0.449, 0.42, 0.379, 0.296, 0.236, 0.173, 0.047, 0.014, 0.004, 0.003, 0, 0, 0, 0, 0, 0, 0, 0
0, 0, 0, 0.002, 0.003, 0.004, 0.014, 0.026, 0.038, 0.065, 0.11, 0.209, 0.468, 0.553, 0.617, 0.641, 0.71, 0.692, 0.726, 0.74, 0.742, 0.778, 0.752, 0.766, 0.797
0.004, 0.005, 0.01, 0.019, 0.045, 0.081, 0.127, 0.207, 0.318, 0.415, 0.566, 0.779, 0.98, 0.998, 0.999, 0.999, 1, 0.999, 1, 0.998, 1, 1, 0.999, 1, 0.999
0.02, 0.026, 0.052, 0.102, 0.162, 0.256, 0.359, 0.501, 0.639, 0.736, 0.833, 0.98, 0.998, 1, 1, 1, 1, 1, 1, 1, 1, 1, 1, 1, 1
0.104, 0.146, 0.213, 0.278, 0.391, 0.488, 0.635, 0.734, 0.837, 0.905, 0.982, 1, 1, 1, 1, 1, 1, 1, 1, 1, 1, 1, 1, 1, 1
0.22, 0.31, 0.441, 0.513, 0.672, 0.749, 0.82, 0.884, 0.951, 0.975, 0.999, 1, 1, 1, 1, 1, 1, 1, 1, 1, 1, 1, 1, 1, 1
0.435, 0.54, 0.65, 0.758, 0.822, 0.901, 0.92, 0.974, 0.985, 1, 1, 1, 1, 1, 1, 1, 1, 1, 1, 1, 1, 1, 1, 1, 1
0.653, 0.765, 0.844, 0.889, 0.942, 0.97, 0.985, 0.997, 0.997, 1, 1, 1, 1, 1, 1, 1, 1, 1, 1, 1, 1, 1, 1, 1, 1
0.833, 0.896, 0.934, 0.968, 0.984, 0.989, 0.996, 1, 1, 1, 1, 1, 1, 1, 1, 1, 1, 1, 1, 1, 1, 1, 1, 1, 1
0.947, 0.972, 0.981, 0.994, 0.997, 0.997, 0.997, 0.999, 1, 1, 1, 1, 1, 1, 1, 1, 1, 1, 1, 1, 1, 1, 1, 1, 1
0.987, 0.994, 0.998, 1, 0.999, 1, 1, 1, 1, 1, 1, 1, 1, 1, 1, 1, 1, 1, 1, 1, 1, 1, 1, 0.998, 0.999
0.993, 0.999, 0.996, 1, 1, 1, 1, 1, 1, 1, 1, 1, 1, 1, 1, 1, 1, 1, 1, 1, 1, 0.999, 1, 0.997, 0.993
0.999, 0.998, 0.999, 1, 1, 1, 1, 1, 1, 1, 1, 1, 1, 1, 1, 1, 1, 1, 1, 0.999, 1, 0.996, 0.997, 0.991, 0.973
1, 1, 1, 1, 1, 1, 1, 1, 1, 1, 1, 1, 1, 1, 1, 1, 1, 1, 1, 1, 0.997, 0.995, 0.983, 0.967, 0.95
1, 1, 1, 1, 1, 1, 1, 1, 1, 1, 1, 1, 1, 1, 1, 1, 1, 0.999, 1, 0.996, 0.984, 0.968, 0.943, 0.908, 0.845
1, 1, 1, 1, 1, 1, 1, 1, 1, 1, 1, 1, 1, 1, 1, 1, 1, 1, 0.998, 0.973, 0.947, 0.918, 0.858, 0.782, 0.734
1, 1, 1, 1, 1, 1, 1, 1, 1, 1, 1, 1, 1, 1, 1, 1, 0.999, 0.989, 0.966, 0.922, 0.855, 0.811, 0.73, 0.65, 0.558
1, 1, 1, 1, 1, 1, 1, 1, 1, 1, 1, 1, 1, 1, 1, 0.999, 0.992, 0.961, 0.886, 0.832, 0.727, 0.662, 0.529, 0.442, 0.351
1, 1, 1, 1, 1, 1, 1, 1, 1, 1, 1, 1, 1, 1, 1, 0.996, 0.974, 0.866, 0.799, 0.667, 0.527, 0.429, 0.348, 0.22, 0.178
1, 1, 1, 1, 1, 1, 1, 1, 1, 1, 1, 1, 0.999, 1, 0.992, 0.977, 0.841, 0.701, 0.583, 0.436, 0.36, 0.255, 0.183, 0.097, 0.054
1, 1, 1, 1, 1, 1, 1, 1, 1, 1, 1, 1, 0.999, 0.993, 0.965, 0.875, 0.694, 0.486, 0.373, 0.281, 0.191, 0.109, 0.065, 0.036, 0.026
1, 1, 1, 1, 1, 1, 1, 1, 1, 1, 1, 0.999, 0.991, 0.964, 0.897, 0.631, 0.436, 0.3, 0.208, 0.118, 0.074, 0.04, 0.016, 0.011, 0.007
1, 1, 1, 1, 1, 1, 1, 1, 0.999, 0.999, 0.996, 0.994, 0.982, 0.919, 0.696, 0.375, 0.233, 0.14, 0.083, 0.041, 0.016, 0.016, 0.006, 0.001, 0
1, 1, 1, 0.999, 0.999, 0.999, 1, 1, 0.999, 0.998, 0.997, 0.975, 0.929, 0.749, 0.371, 0.19, 0.119, 0.037, 0.021, 0.01, 0.004, 0.002, 0, 0, 0
0.997, 0.997, 0.994, 0.992, 0.991, 0.987, 0.987, 0.983, 0.975, 0.966, 0.957, 0.898, 0.744, 0.378, 0.133, 0.057, 0.032, 0.009, 0.006, 0.003, 0.001, 0, 0, 0, 0
0.613, 0.585, 0.556, 0.535, 0.527, 0.518, 0.496, 0.494, 0.442, 0.416, 0.358, 0.271, 0.209, 0.049, 0.015, 0.005, 0, 0, 0.001, 0, 0, 0, 0, 0, 0
0, 0, 0, 0.001, 0.001, 0.003, 0.007, 0.01, 0.035, 0.074, 0.084, 0.175, 0.449, 0.538, 0.614, 0.629, 0.668, 0.676, 0.7, 0.708, 0.716, 0.715, 0.729, 0.767, 0.793
0, 0.005, 0.008, 0.018, 0.037, 0.066, 0.105, 0.159, 0.254, 0.383, 0.549, 0.744, 0.973, 0.995, 0.998, 0.999, 0.999, 1, 0.999, 0.999, 1, 0.999, 0.999, 1, 1
0.01, 0.032, 0.054, 0.079, 0.138, 0.207, 0.324, 0.447, 0.594, 0.716, 0.84, 0.976, 0.997, 1, 1, 1, 1, 1, 1, 1, 1, 1, 1, 1, 1
0.078, 0.126, 0.166, 0.242, 0.327, 0.423, 0.585, 0.692, 0.824, 0.881, 0.981, 0.996, 1, 1, 1, 1, 1, 1, 1, 1, 1, 1, 1, 1, 1
0.185, 0.276, 0.368, 0.471, 0.574, 0.727, 0.815, 0.86, 0.931, 0.98, 0.999, 1, 1, 1, 1, 1, 1, 1, 1, 1, 1, 1, 1, 1, 1
0.397, 0.511, 0.589, 0.715, 0.798, 0.888, 0.938, 0.958, 0.981, 0.999, 1, 1, 1, 1, 1, 1, 1, 1, 1, 1, 1, 1, 1, 1, 1
0.592, 0.703, 0.81, 0.871, 0.92, 0.954, 0.976, 0.989, 0.995, 1, 1, 1, 1, 1, 1, 1, 1, 1, 1, 1, 1, 1, 1, 1, 1
0.796, 0.879, 0.924, 0.964, 0.971, 0.982, 0.996, 1, 1, 1, 1, 1, 1, 1, 1, 1, 1, 1, 1, 1, 1, 1, 1, 1, 1
0.908, 0.944, 0.967, 0.985, 0.996, 1, 0.999, 1, 1, 1, 1, 1, 1, 1, 1, 1, 1, 1, 1, 1, 1, 1, 1, 1, 1
0.973, 0.991, 0.993, 0.998, 0.999, 0.999, 1, 1, 1, 1, 1, 1, 1, 1, 1, 1, 1, 1, 1, 1, 1, 1, 1, 1, 0.998
0.992, 0.995, 0.999, 1, 1, 1, 1, 1, 1, 1, 1, 1, 1, 1, 1, 1, 1, 1, 1, 1, 1, 1, 1, 0.997, 0.997
0.999, 0.998, 0.999, 1, 1, 1, 1, 1, 1, 1, 1, 1, 1, 1, 1, 1, 1, 1, 1, 1, 1, 0.998, 0.997, 0.995, 0.986
1, 1, 1, 1, 1, 1, 1, 1, 1, 1, 1, 1, 1, 1, 1, 1, 1, 1, 0.999, 1, 0.997, 0.995, 0.988, 0.972, 0.961
1, 1, 1, 1, 1, 1, 1, 1, 1, 1, 1, 1, 1, 1, 1, 1, 1, 1, 0.999, 0.995, 0.994, 0.981, 0.958, 0.939, 0.892
1, 1, 1, 1, 1, 1, 1, 1, 1, 1, 1, 1, 1, 1, 1, 1, 1, 0.999, 0.993, 0.986, 0.959, 0.942, 0.904, 0.846, 0.787
1, 1, 1, 1, 1, 1, 1, 1, 1, 1, 1, 1, 1, 1, 1, 1, 1, 0.997, 0.98, 0.946, 0.92, 0.855, 0.788, 0.702, 0.572
1, 1, 1, 1, 1, 1, 1, 1, 1, 1, 1, 1, 1, 1, 1, 0.999, 0.994, 0.98, 0.934, 0.893, 0.817, 0.723, 0.64, 0.53, 0.403
1, 1, 1, 1, 1, 1, 1, 1, 1, 1, 1, 1, 1, 1, 0.999, 0.998, 0.983, 0.889, 0.837, 0.715, 0.619, 0.509, 0.397, 0.341, 0.219
1, 1, 1, 1, 1, 1, 1, 1, 1, 1, 1, 1, 1, 0.999, 0.999, 0.973, 0.884, 0.791, 0.662, 0.545, 0.448, 0.303, 0.232, 0.153, 0.098
1, 1, 1, 1, 1, 1, 1, 1, 1, 1, 1, 1, 1, 0.995, 0.983, 0.897, 0.731, 0.56, 0.427, 0.346, 0.242, 0.143, 0.086, 0.05, 0.027
1, 1, 1, 1, 1, 1, 1, 1, 1, 1, 1, 1, 0.998, 0.982, 0.916, 0.711, 0.5, 0.389, 0.247, 0.152, 0.098, 0.05, 0.034, 0.009, 0.005
1, 1, 1, 1, 1, 1, 1, 1, 0.999, 1, 0.999, 0.998, 0.984, 0.934, 0.753, 0.449, 0.298, 0.186, 0.124, 0.054, 0.034, 0.026, 0.008, 0.004, 0.006
1, 1, 1, 1, 0.999, 1, 1, 1, 1, 0.995, 0.994, 0.986, 0.949, 0.794, 0.399, 0.209, 0.138, 0.062, 0.029, 0.014, 0.008, 0.005, 0, 0.001, 0
0.997, 0.997, 0.997, 0.999, 0.99, 0.996, 0.99, 0.988, 0.989, 0.97, 0.959, 0.922, 0.819, 0.415, 0.184, 0.075, 0.043, 0.014, 0.005, 0.001, 0, 0.001, 0, 0, 0
0.625, 0.609, 0.554, 0.557, 0.546, 0.542, 0.545, 0.512, 0.473, 0.426, 0.395, 0.301, 0.211, 0.063, 0.017, 0.004, 0.003, 0.001, 0, 0, 0, 0, 0, 0, 0
0, 0, 0, 0, 0.001, 0.005, 0.005, 0.01, 0.028, 0.045, 0.1, 0.161, 0.384, 0.544, 0.596, 0.58, 0.671, 0.671, 0.67, 0.698, 0.702, 0.729, 0.736, 0.764, 0.729
0.001, 0.001, 0.003, 0.016, 0.018, 0.043, 0.092, 0.154, 0.234, 0.37, 0.522, 0.71, 0.961, 0.994, 1, 0.998, 1, 1, 0.999, 1, 0.998, 0.999, 0.999, 0.999, 1
0.016, 0.022, 0.038, 0.07, 0.119, 0.181, 0.279, 0.398, 0.549, 0.655, 0.804, 0.97, 0.997, 1, 1, 1, 1, 1, 1, 1, 1, 1, 1, 1, 1
0.057, 0.073, 0.121, 0.196, 0.279, 0.424, 0.529, 0.667, 0.792, 0.881, 0.963, 0.999, 1, 1, 1, 1, 1, 1, 1, 1, 1, 1, 1, 1, 1
0.154, 0.232, 0.327, 0.369, 0.549, 0.636, 0.745, 0.832, 0.928, 0.971, 0.997, 1, 1, 1, 1, 1, 1, 1, 1, 1, 1, 1, 1, 1, 1
0.338, 0.433, 0.522, 0.652, 0.753, 0.825, 0.902, 0.938, 0.965, 0.997, 1, 1, 1, 1, 1, 1, 1, 1, 1, 1, 1, 1, 1, 1, 1
0.57, 0.665, 0.758, 0.837, 0.904, 0.938, 0.965, 0.987, 0.999, 0.999, 1, 1, 1, 1, 1, 1, 1, 1, 1, 1, 1, 1, 1, 1, 1
0.743, 0.825, 0.902, 0.937, 0.97, 0.983, 0.993, 0.997, 1, 1, 1, 1, 1, 1, 1, 1, 1, 1, 1, 1, 1, 1, 1, 1, 1
0.907, 0.933, 0.964, 0.974, 0.988, 0.999, 0.998, 1, 1, 1, 1, 1, 1, 1, 1, 1, 1, 1, 1, 1, 1, 1, 1, 1, 1
0.949, 0.982, 0.985, 0.994, 1, 0.999, 1, 1, 1, 1, 1, 1, 1, 1, 1, 1, 1, 1, 1, 1, 1, 1, 1, 1, 1
0.988, 0.995, 0.998, 0.999, 0.999, 1, 1, 1, 1, 1, 1, 1, 1, 1, 1, 1, 1, 1, 1, 1, 1, 1, 1, 0.999, 0.998
0.997, 1, 1, 1, 1, 1, 1, 1, 1, 1, 1, 1, 1, 1, 1, 1, 1, 1, 1, 1, 0.999, 0.999, 0.997, 0.997, 0.987
1, 1, 1, 1, 1, 1, 1, 1, 1, 1, 1, 1, 1, 1, 1, 1, 1, 1, 1, 0.999, 0.999, 0.995, 0.991, 0.978, 0.969
1, 1, 1, 1, 1, 1, 1, 1, 1, 1, 1, 1, 1, 1, 1, 1, 1, 1, 0.999, 1, 0.994, 0.988, 0.974, 0.951, 0.927
1, 1, 1, 1, 1, 1, 1, 1, 1, 1, 1, 1, 1, 1, 1, 1, 1, 0.999, 0.999, 0.995, 0.971, 0.941, 0.933, 0.887, 0.854
1, 1, 1, 1, 1, 1, 1, 1, 1, 1, 1, 1, 1, 1, 1, 1, 0.999, 0.994, 0.991, 0.965, 0.93, 0.901, 0.846, 0.773, 0.688
1, 1, 1, 1, 1, 1, 1, 1, 1, 1, 1, 1, 1, 1, 1, 0.998, 0.991, 0.984, 0.941, 0.9, 0.852, 0.778, 0.699, 0.569, 0.451
1, 1, 1, 1, 1, 1, 1, 1, 1, 1, 1, 1, 1, 1, 1, 0.998, 0.983, 0.921, 0.862, 0.782, 0.681, 0.601, 0.456, 0.357, 0.276
1, 1, 1, 1, 1, 1, 1, 1, 1, 1, 1, 1, 1, 1, 0.996, 0.983, 0.925, 0.803, 0.715, 0.573, 0.455, 0.345, 0.283, 0.177, 0.123
1, 1, 1, 1, 1, 1, 1, 1, 1, 1, 1, 1, 0.998, 0.996, 0.986, 0.937, 0.77, 0.633, 0.501, 0.413, 0.266, 0.188, 0.132, 0.089, 0.053
1, 1, 1, 1, 1, 1, 1, 1, 1, 1, 1, 1, 0.997, 0.991, 0.943, 0.732, 0.56, 0.393, 0.3, 0.191, 0.141, 0.072, 0.05, 0.024, 0.01
1, 1, 1, 1, 1, 1, 1, 0.999, 0.999, 1, 1, 0.999, 0.987, 0.96, 0.806, 0.48, 0.309, 0.206, 0.139, 0.09, 0.047, 0.02, 0.006, 0.001, 0.004
1, 1, 1, 1, 1, 1, 0.999, 1, 1, 0.997, 0.999, 0.994, 0.965, 0.828, 0.482, 0.247, 0.168, 0.082, 0.046, 0.016, 0.01, 0.005, 0.002, 0.002, 0
0.999, 0.997, 0.993, 0.993, 0.993, 0.995, 0.995, 0.99, 0.987, 0.984, 0.981, 0.933, 0.831, 0.443, 0.215, 0.102, 0.034, 0.026, 0.008, 0.004, 0, 0, 0, 0, 0
0.645, 0.611, 0.583, 0.581, 0.577, 0.552, 0.539, 0.542, 0.494, 0.435, 0.381, 0.338, 0.226, 0.063, 0.015, 0.01, 0.003, 0, 0, 0.001, 0, 0, 0, 0, 0
0, 0, 0, 0, 0, 0.002, 0.009, 0.011, 0.017, 0.047, 0.067, 0.152, 0.373, 0.493, 0.544, 0.621, 0.673, 0.668, 0.696, 0.683, 0.702, 0.679, 0.706, 0.726, 0.761
0.001, 0.001, 0.002, 0.006, 0.019, 0.042, 0.06, 0.136, 0.199, 0.316, 0.465, 0.69, 0.969, 0.995, 0.998, 1, 0.999, 0.999, 1, 0.998, 0.999, 1, 1, 1, 0.999
0.01, 0.012, 0.028, 0.04, 0.083, 0.143, 0.24, 0.32, 0.451, 0.604, 0.765, 0.962, 1, 1, 1, 1, 1, 1, 1, 1, 1, 1, 1, 1, 1
0.024, 0.064, 0.11, 0.159, 0.244, 0.353, 0.471, 0.579, 0.738, 0.85, 0.954, 0.999, 0.999, 1, 1, 1, 1, 1, 1, 1, 1, 1, 1, 1, 1
0.125, 0.195, 0.268, 0.367, 0.476, 0.595, 0.69, 0.777, 0.884, 0.963, 0.995, 0.999, 1, 1, 1, 1, 1, 1, 1, 1, 1, 1, 1, 1, 1
0.27, 0.361, 0.497, 0.614, 0.677, 0.797, 0.867, 0.936, 0.96, 0.995, 1, 1, 1, 1, 1, 1, 1, 1, 1, 1, 1, 1, 1, 1, 1
0.476, 0.589, 0.689, 0.785, 0.881, 0.921, 0.963, 0.982, 0.996, 1, 1, 1, 1, 1, 1, 1, 1, 1, 1, 1, 1, 1, 1, 1, 1
0.699, 0.781, 0.843, 0.899, 0.955, 0.97, 0.986, 0.998, 0.999, 0.999, 1, 1, 1, 1, 1, 1, 1, 1, 1, 1, 1, 1, 1, 1, 1
0.872, 0.913, 0.955, 0.972, 0.984, 0.996, 0.998, 1, 1, 1, 1, 1, 1, 1, 1, 1, 1, 1, 1, 1, 1, 1, 1, 1, 1
0.945, 0.972, 0.981, 0.994, 0.999, 1, 1, 1, 1, 1, 1, 1, 1, 1, 1, 1, 1, 1, 1, 1, 1, 1, 1, 1, 1
0.984, 0.989, 0.996, 0.998, 1, 1, 1, 1, 1, 1, 1, 1, 1, 1, 1, 1, 1, 1, 1, 1, 1, 1, 1, 1, 0.997
0.996, 0.999, 0.999, 0.999, 1, 1, 1, 1, 1, 1, 1, 1, 1, 1, 1, 1, 1, 1, 1, 1, 1, 1, 0.997, 0.999, 1
0.996, 1, 0.999, 1, 1, 1, 1, 1, 1, 1, 1, 1, 1, 1, 1, 1, 1, 1, 1, 1, 1, 0.998, 0.992, 0.991, 0.981
1, 1, 1, 1, 1, 1, 1, 1, 1, 1, 1, 1, 1, 1, 1, 1, 1, 1, 1, 1, 0.996, 0.992, 0.985, 0.974, 0.96
1, 1, 1, 1, 1, 1, 1, 1, 1, 1, 1, 1, 1, 1, 1, 1, 1, 1, 0.999, 0.995, 0.988, 0.976, 0.959, 0.914, 0.887
1, 1, 1, 1, 1, 1, 1, 1, 1, 1, 1, 1, 1, 1, 1, 1, 1, 0.999, 0.99, 0.969, 0.963, 0.909, 0.876, 0.805, 0.742
1, 1, 1, 1, 1, 1, 1, 1, 1, 1, 1, 1, 1, 1, 1, 1, 0.999, 0.987, 0.958, 0.92, 0.882, 0.803, 0.732, 0.629, 0.558
1, 1, 1, 1, 1, 1, 1, 1, 1, 1, 1, 1, 1, 1, 1, 1, 0.993, 0.937, 0.905, 0.85, 0.734, 0.656, 0.525, 0.452, 0.338
1, 1, 1, 1, 1, 1, 1, 1, 1, 1, 1, 1, 1, 0.999, 1, 0.992, 0.927, 0.852, 0.767, 0.648, 0.531, 0.431, 0.329, 0.233, 0.171
1, 1, 1, 1, 1, 1, 1, 1, 1, 1, 1, 1, 1, 1, 0.994, 0.946, 0.799, 0.661, 0.587, 0.456, 0.345, 0.235, 0.156, 0.096, 0.053
1, 1, 1, 1, 1, 1, 1, 1, 1, 1, 1, 1, 0.999, 0.991, 0.968, 0.764, 0.647, 0.484, 0.37, 0.259, 0.18, 0.09, 0.053, 0.035, 0.017
1, 1, 1, 1, 1, 1, 1, 1, 1, 1, 1, 1, 0.995, 0.966, 0.83, 0.58, 0.407, 0.25, 0.165, 0.1, 0.06, 0.034, 0.012, 0.006, 0.003
1, 1, 0.999, 1, 1, 1, 1, 1, 1, 1, 0.999, 0.995, 0.98, 0.837, 0.505, 0.303, 0.181, 0.122, 0.069, 0.02, 0.016, 0.008, 0.004, 0.001, 0.001
0.997, 0.999, 0.993, 0.997, 0.998, 0.991, 0.995, 0.996, 0.991, 0.991, 0.983, 0.947, 0.89, 0.497, 0.252, 0.12, 0.061, 0.032, 0.013, 0.002, 0.003, 0.001, 0, 0, 0
0.656, 0.646, 0.628, 0.629, 0.59, 0.578, 0.555, 0.554, 0.512, 0.467, 0.432, 0.338, 0.259, 0.082, 0.032, 0.009, 0.001, 0.004, 0, 0, 0, 0, 0, 0, 0
0, 0, 0, 0, 0, 0.001, 0.003, 0.004, 0.018, 0.025, 0.058, 0.146, 0.384, 0.482, 0.523, 0.584, 0.622, 0.609, 0.679, 0.627, 0.658, 0.704, 0.713, 0.711, 0.746
0.001, 0, 0.005, 0.004, 0.01, 0.032, 0.048, 0.108, 0.152, 0.285, 0.425, 0.686, 0.94, 0.993, 0.998, 0.998, 0.998, 1, 0.999, 0.998, 1, 1, 1, 0.999, 0.997
0.002, 0.01, 0.017, 0.045, 0.064, 0.114, 0.205, 0.294, 0.426, 0.56, 0.74, 0.945, 0.994, 1, 0.999, 1, 1, 1, 1, 1, 1, 1, 1, 1, 1
0.024, 0.041, 0.091, 0.139, 0.204, 0.298, 0.424, 0.544, 0.691, 0.795, 0.944, 0.995, 1, 1, 1, 1, 1, 1, 1, 1, 1, 1, 1, 1, 1
0.086, 0.153, 0.234, 0.259, 0.425, 0.539, 0.645, 0.782, 0.857, 0.931, 0.989, 0.999, 1, 1, 1, 1, 1, 1, 1, 1, 1, 1, 1, 1, 1
0.239, 0.334, 0.395, 0.484, 0.638, 0.755, 0.846, 0.9, 0.945, 0.994, 0.999, 1, 1, 1, 1, 1, 1, 1, 1, 1, 1, 1, 1, 1, 1
0.433, 0.526, 0.651, 0.756, 0.81, 0.91, 0.939, 0.965, 0.992, 1, 1, 1, 1, 1, 1, 1, 1, 1, 1, 1, 1, 1, 1, 1, 1
0.62, 0.747, 0.817, 0.893, 0.946, 0.962, 0.976, 0.991, 0.999, 1, 1, 1, 1, 1, 1, 1, 1, 1, 1, 1, 1, 1, 1, 1, 1
0.831, 0.897, 0.941, 0.963, 0.977, 0.996, 0.997, 1, 1, 1, 1, 1, 1, 1, 1, 1, 1, 1, 1, 1, 1, 1, 1, 1, 1
0.92, 0.963, 0.975, 0.986, 0.993, 0.999, 1, 1, 1, 1, 1, 1, 1, 1, 1, 1, 1, 1, 1, 1, 1, 1, 1, 1, 1
0.975, 0.993, 0.991, 1, 0.998, 0.999, 1, 1, 1, 1, 1, 1, 1, 1, 1, 1, 1, 1, 1, 1, 1, 1, 1, 0.999, 1
0.991, 0.998, 0.998, 1, 1, 1, 1, 1, 1, 1, 1, 1, 1, 1, 1, 1, 1, 1, 1, 1, 1, 1, 1, 0.997, 0.998
0.998, 1, 0.999, 1, 1, 1, 1, 1, 1, 1, 1, 1, 1, 1, 1, 1, 1, 1, 1, 1, 0.999, 0.998, 0.996, 0.99, 0.989
0.999, 0.999, 1, 1, 1, 1, 1, 1, 1, 1, 1, 1, 1, 1, 1, 1, 1, 1, 1, 1, 0.998, 0.989, 0.988, 0.98, 0.972
1, 1, 1, 1, 1, 1, 1, 1, 1, 1, 1, 1, 1, 1, 1, 1, 1, 1, 1, 0.995, 0.991, 0.99, 0.966, 0.935, 0.912
1, 1, 1, 1, 1, 1, 1, 1, 1, 1, 1, 1, 1, 1, 1, 1, 1, 1, 0.995, 0.984, 0.966, 0.937, 0.907, 0.86, 0.765
1, 1, 1, 1, 1, 1, 1, 1, 1, 1, 1, 1, 1, 1, 1, 1, 1, 0.992, 0.978, 0.954, 0.896, 0.872, 0.781, 0.72, 0.62
1, 1, 1, 1, 1, 1, 1, 1, 1, 1, 1, 1, 1, 1, 1, 1, 0.996, 0.971, 0.934, 0.879, 0.817, 0.711, 0.617, 0.482, 0.413
1, 1, 1, 1, 1, 1, 1, 1, 1, 1, 1, 1, 1, 1, 1, 0.997, 0.968, 0.895, 0.826, 0.728, 0.606, 0.5, 0.412, 0.305, 0.213
1, 1, 1, 1, 1, 1, 1, 1, 1, 1, 1, 1, 1, 1, 0.99, 0.967, 0.857, 0.759, 0.629, 0.52, 0.39, 0.308, 0.199, 0.123, 0.094
1, 1, 1, 1, 1, 1, 1, 1, 1, 1, 1, 1, 1, 0.996, 0.97, 0.816, 0.685, 0.559, 0.423, 0.274, 0.212, 0.14, 0.076, 0.047, 0.031
1, 1, 1, 1, 1, 1, 1, 1, 1, 1, 1, 1, 0.994, 0.983, 0.846, 0.572, 0.424, 0.319, 0.215, 0.131, 0.087, 0.044, 0.026, 0.012, 0.002
1, 1, 1, 1, 1, 1, 1, 1, 1, 0.999, 0.999, 0.999, 0.972, 0.887, 0.542, 0.366, 0.197, 0.118, 0.077, 0.042, 0.018, 0.013, 0.003, 0, 0.001
1, 0.999, 0.998, 0.997, 0.998, 0.999, 0.996, 0.996, 0.991, 0.998, 0.981, 0.967, 0.883, 0.517, 0.28, 0.143, 0.08, 0.031, 0.016, 0.003, 0.002, 0.001, 0.001, 0, 0
0.663, 0.646, 0.644, 0.617, 0.634, 0.595, 0.623, 0.569, 0.56, 0.483, 0.456, 0.355, 0.291, 0.09, 0.031, 0.015, 0.006, 0.004, 0, 0.001, 0, 0, 0, 0, 0
0, 0, 0, 0, 0, 0.001, 0.003, 0.005, 0.011, 0.03, 0.059, 0.111, 0.35, 0.451, 0.54, 0.544, 0.632, 0.625, 0.634, 0.666, 0.636, 0.679, 0.695, 0.73, 0.73
0, 0.001, 0.002, 0.004, 0.012, 0.026, 0.035, 0.071, 0.147, 0.238, 0.397, 0.613, 0.958, 0.987, 0.991, 0.999, 0.997, 0.997, 1, 0.999, 1, 0.996, 0.996, 1, 0.999
0.004, 0.01, 0.011, 0.026, 0.05, 0.089, 0.15, 0.255, 0.364, 0.534, 0.715, 0.951, 0.994, 0.999, 1, 1, 1, 1, 1, 1, 1, 1, 1, 1, 1
0.019, 0.032, 0.068, 0.105, 0.16, 0.251, 0.355, 0.471, 0.612, 0.773, 0.912, 0.992, 1, 1, 1, 1, 1, 1, 1, 1, 1, 1, 1, 1, 1
0.068, 0.101, 0.189, 0.252, 0.351, 0.465, 0.606, 0.72, 0.824, 0.902, 0.994, 1, 1, 1, 1, 1, 1, 1, 1, 1, 1, 1, 1, 1, 1
0.188, 0.256, 0.362, 0.472, 0.584, 0.709, 0.795, 0.862, 0.93, 0.986, 0.998, 1, 1, 1, 1, 1, 1, 1, 1, 1, 1, 1, 1, 1, 1
0.382, 0.461, 0.597, 0.69, 0.756, 0.85, 0.909, 0.957, 0.985, 0.997, 1, 1, 1, 1, 1, 1, 1, 1, 1, 1, 1, 1, 1, 1, 1
0.601, 0.722, 0.788, 0.855, 0.918, 0.949, 0.973, 0.987, 0.999, 1, 1, 1, 1, 1, 1, 1, 1, 1, 1, 1, 1, 1, 1, 1, 1
0.788, 0.86, 0.912, 0.952, 0.97, 0.978, 0.992, 0.999, 1, 1, 1, 1, 1, 1, 1, 1, 1, 1, 1, 1, 1, 1, 1, 1, 1
0.915, 0.937, 0.96, 0.975, 0.99, 0.997, 0.999, 1, 1, 1, 1, 1, 1, 1, 1, 1, 1, 1, 1, 1, 1, 1, 1, 1, 1
0.968, 0.982, 0.997, 0.994, 0.996, 1, 1, 1, 1, 1, 1, 1, 1, 1, 1, 1, 1, 1, 1, 1, 1, 1, 1, 0.999, 1
0.988, 0.994, 0.999, 0.999, 0.999, 1, 0.999, 1, 1, 1, 1, 1, 1, 1, 1, 1, 1, 1, 1, 1, 1, 0.999, 0.999, 1, 0.998
0.996, 1, 1, 1, 1, 1, 1, 1, 1, 1, 1, 1, 1, 1, 1, 1, 1, 1, 1, 1, 1, 0.998, 0.999, 0.996, 0.995
1, 1, 1, 1, 1, 1, 1, 1, 1, 1, 1, 1, 1, 1, 1, 1, 1, 1, 1, 0.999, 1, 1, 0.998, 0.983, 0.963
1, 1, 1, 1, 1, 1, 1, 1, 1, 1, 1, 1, 1, 1, 1, 1, 1, 1, 1, 0.997, 0.991, 0.992, 0.976, 0.959, 0.937
1, 1, 1, 1, 1, 1, 1, 1, 1, 1, 1, 1, 1, 1, 1, 1, 1, 1, 0.994, 0.991, 0.978, 0.959, 0.937, 0.893, 0.835
1, 1, 1, 1, 1, 1, 1, 1, 1, 1, 1, 1, 1, 1, 1, 1, 1, 0.995, 0.981, 0.965, 0.93, 0.888, 0.825, 0.755, 0.687
1, 1, 1, 1, 1, 1, 1, 1, 1, 1, 1, 1, 1, 1, 1, 0.999, 0.999, 0.975, 0.939, 0.899, 0.849, 0.764, 0.671, 0.577, 0.453
1, 1, 1, 1, 1, 1, 1, 1, 1, 1, 1, 1, 1, 1, 0.999, 0.997, 0.973, 0.935, 0.87, 0.787, 0.682, 0.571, 0.474, 0.317, 0.274
1, 1, 1, 1, 1, 1, 1, 1, 1, 1, 1, 1, 1, 1, 0.993, 0.978, 0.887, 0.82, 0.696, 0.575, 0.446, 0.366, 0.24, 0.173, 0.122
1, 1, 1, 1, 1, 1, 1, 1, 1, 1, 1, 1, 0.999, 1, 0.967, 0.878, 0.754, 0.616, 0.468, 0.321, 0.248, 0.178, 0.102, 0.079, 0.04
1, 1, 1, 1, 1, 1, 1, 1, 1, 1, 1, 1, 0.998, 0.98, 0.861, 0.68, 0.488, 0.361, 0.247, 0.151, 0.105, 0.053, 0.025, 0.014, 0.012
1, 1, 1, 1, 1, 1, 1, 1, 1, 0.999, 1, 0.997, 0.983, 0.909, 0.62, 0.451, 0.277, 0.186, 0.116, 0.062, 0.022, 0.012, 0.005, 0.002, 0.001
1, 0.996, 0.998, 0.999, 0.997, 0.998, 0.998, 0.996, 0.998, 0.995, 0.978, 0.982, 0.917, 0.575, 0.317, 0.165, 0.088, 0.051, 0.035, 0.011, 0.004, 0, 0, 0, 0
0.705, 0.662, 0.632, 0.664, 0.628, 0.623, 0.641, 0.624, 0.532, 0.519, 0.478, 0.409, 0.308, 0.101, 0.035, 0.023, 0.005, 0.005, 0.001, 0.001, 0, 0, 0, 0, 0
0, 0, 0, 0, 0, 0.002, 0, 0.005, 0.012, 0.026, 0.061, 0.111, 0.321, 0.427, 0.507, 0.551, 0.567, 0.608, 0.645, 0.637, 0.631, 0.653, 0.64, 0.693, 0.707
0, 0, 0.002, 0.005, 0.007, 0.01, 0.03, 0.053, 0.117, 0.22, 0.357, 0.603, 0.922, 0.981, 0.99, 0.993, 0.999, 0.995, 1, 0.997, 0.997, 0.997, 0.997, 0.998, 1
0.002, 0.003, 0.007, 0.017, 0.032, 0.069, 0.113, 0.211, 0.304, 0.445, 0.664, 0.91, 0.991, 0.999, 0.999, 0.999, 1, 1, 1, 1, 1, 1, 1, 1, 1
0.01, 0.023, 0.046, 0.072, 0.129, 0.205, 0.265, 0.406, 0.577, 0.707, 0.903, 0.987, 0.999, 1, 1, 1, 1, 1, 1, 1, 1, 1, 1, 1, 1
0.043, 0.097, 0.148, 0.192, 0.312, 0.414, 0.498, 0.658, 0.764, 0.87, 0.986, 1, 1, 1, 1, 1, 1, 1, 1, 1, 1, 1, 1, 1, 1
0.151, 0.214, 0.312, 0.401, 0.527, 0.63, 0.745, 0.849, 0.905, 0.982, 0.998, 0.999, 1, 1, 1, 1, 1, 1, 1, 1, 1, 1, 1, 1, 1
0.323, 0.419, 0.494, 0.626, 0.732, 0.804, 0.901, 0.939, 0.98, 0.998, 1, 1, 1, 1, 1, 1, 1, 1, 1, 1, 1, 1, 1, 1, 1
0.497, 0.643, 0.723, 0.799, 0.895, 0.929, 0.95, 0.98, 0.994, 1, 1, 1, 1, 1, 1, 1, 1, 1, 1, 1, 1, 1, 1, 1, 1
0.725, 0.813, 0.88, 0.928, 0.961, 0.971, 0.992, 0.998, 1, 1, 1, 1, 1, 1, 1, 1, 1, 1, 1, 1, 1, 1, 1, 1, 1
0.86, 0.915, 0.951, 0.972, 0.983, 0.992, 0.998, 1, 1, 1, 1, 1, 1, 1, 1, 1, 1, 1, 1, 1, 1, 1, 1, 1, 1
0.95, 0.983, 0.986, 0.995, 0.995, 1, 1, 1, 1, 1, 1, 1, 1, 1, 1, 1, 1, 1, 1, 1, 1, 1, 1, 0.999, 0.999
0.988, 0.992, 0.996, 0.999, 1, 0.999, 1, 1, 1, 1, 1, 1, 1, 1, 1, 1, 1, 1, 1, 1, 1, 1, 1, 1, 0.998
0.991, 0.997, 0.999, 0.999, 1, 1, 1, 1, 1, 1, 1, 1, 1, 1, 1, 1, 1, 1, 1, 1, 1, 1, 1, 0.998, 0.996
0.999, 0.999, 1, 1, 1, 1, 1, 1, 1, 1, 1, 1, 1, 1, 1, 1, 1, 1, 1, 1, 0.998, 0.999, 0.993, 0.992, 0.98
1, 0.999, 1, 1, 1, 1, 1, 1, 1, 1, 1, 1, 1, 1, 1, 1, 1, 1, 1, 1, 0.998, 0.993, 0.988, 0.972, 0.949
1, 1, 1, 1, 1, 1, 1, 1, 1, 1, 1, 1, 1, 1, 1, 1, 1, 1, 0.993, 0.994, 0.985, 0.97, 0.956, 0.913, 0.858
1, 1, 1, 1, 1, 1, 1, 1, 1, 1, 1, 1, 1, 1, 1, 1, 0.999, 0.998, 0.988, 0.975, 0.949, 0.922, 0.891, 0.804, 0.721
1, 1, 1, 1, 1, 1, 1, 1, 1, 1, 1, 1, 1, 1, 1, 1, 0.997, 0.986, 0.967, 0.922, 0.886, 0.807, 0.724, 0.618, 0.545
1, 1, 1, 1, 1, 1, 1, 1, 1, 1, 1, 1, 1, 1, 1, 0.998, 0.977, 0.932, 0.877, 0.81, 0.744, 0.639, 0.544, 0.436, 0.335
1, 1, 1, 1, 1, 1, 1, 1, 1, 1, 1, 1, 1, 1, 0.998, 0.983, 0.911, 0.833, 0.719, 0.612, 0.492, 0.414, 0.316, 0.213, 0.158
1, 1, 1, 1, 1, 1, 1, 1, 1, 1, 1, 1, 1, 0.998, 0.979, 0.894, 0.782, 0.651, 0.529, 0.411, 0.294, 0.197, 0.137, 0.069, 0.062
1, 1, 1, 1, 1, 1, 1, 1, 1, 1, 1, 1, 0.998, 0.989, 0.897, 0.716, 0.555, 0.435, 0.292, 0.213, 0.129, 0.075, 0.052, 0.03, 0.011
1, 1, 1, 1, 1, 1, 1, 1, 1, 1, 1, 0.999, 0.991, 0.924, 0.636, 0.452, 0.33, 0.193, 0.114, 0.076, 0.032, 0.023, 0.003, 0.004, 0.005
1, 0.999, 1, 1, 0.999, 1, 0.999, 0.998, 0.997, 0.997, 0.987, 0.98, 0.94, 0.571, 0.34, 0.223, 0.109, 0.071, 0.031, 0.016, 0.01, 0.003, 0.001, 0.001, 0.002
0.705, 0.656, 0.656, 0.646, 0.657, 0.631, 0.618, 0.599, 0.57, 0.519, 0.476, 0.431, 0.331, 0.106, 0.054, 0.029, 0.007, 0.008, 0.001, 0, 0, 0.001, 0, 0, 0
0, 0, 0, 0, 0, 0, 0.002, 0.005, 0.009, 0.022, 0.04, 0.117, 0.323, 0.414, 0.491, 0.517, 0.543, 0.582, 0.611, 0.612, 0.631, 0.633, 0.65, 0.693, 0.683
0, 0.001, 0.002, 0.001, 0.004, 0.012, 0.015, 0.045, 0.098, 0.156, 0.315, 0.576, 0.915, 0.977, 0.992, 0.994, 0.999, 0.998, 0.999, 0.999, 0.997, 1, 0.999, 0.999, 0.997
0.001, 0.005, 0.006, 0.015, 0.03, 0.063, 0.106, 0.163, 0.277, 0.396, 0.621, 0.91, 0.989, 0.996, 1, 1, 1, 1, 1, 1, 1, 0.999, 1, 1, 1
0.009, 0.018, 0.044, 0.067, 0.1, 0.173, 0.257, 0.385, 0.51, 0.661, 0.886, 0.99, 0.999, 1, 1, 1, 1, 1, 1, 1, 1, 1, 1, 1, 1
0.045, 0.074, 0.096, 0.172, 0.262, 0.366, 0.483, 0.581, 0.729, 0.839, 0.983, 0.993, 0.997, 1, 1, 1, 1, 1, 1, 1, 1, 1, 1, 1, 1
0.119, 0.173, 0.245, 0.326, 0.48, 0.575, 0.692, 0.796, 0.892, 0.984, 0.996, 1, 1, 1, 1, 1, 1, 1, 1, 1, 1, 1, 1, 1, 1
0.272, 0.383, 0.448, 0.576, 0.663, 0.785, 0.837, 0.918, 0.972, 0.994, 1, 0.999, 1, 1, 1, 1, 1, 1, 1, 1, 1, 1, 1, 1, 1
0.491, 0.573, 0.672, 0.762, 0.841, 0.912, 0.949, 0.978, 0.996, 0.999, 1, 1, 1, 1, 1, 1, 1, 1, 1, 1, 1, 1, 1, 1, 1
0.666, 0.759, 0.818, 0.888, 0.94, 0.958, 0.985, 0.997, 1, 1, 1, 1, 1, 1, 1, 1, 1, 1, 1, 1, 1, 1, 1, 1, 1
0.805, 0.893, 0.94, 0.96, 0.979, 0.993, 0.998, 1, 1, 1, 1, 1, 1, 1, 1, 1, 1, 1, 1, 1, 1, 1, 1, 1, 1
0.936, 0.966, 0.982, 0.983, 0.998, 0.999, 1, 1, 1, 1, 1, 1, 1, 1, 1, 1, 1, 1, 1, 1, 1, 0.999, 1, 1, 1
0.971, 0.988, 0.994, 0.998, 1, 1, 1, 1, 1, 1, 1, 1, 1, 1, 1, 1, 1, 1, 1, 1, 1, 1, 1, 0.999, 0.997
0.992, 0.993, 0.999, 1, 1, 1, 1, 1, 1, 1, 1, 1, 1, 1, 1, 1, 1, 1, 1, 1, 1, 1, 1, 0.999, 0.998
0.996, 1, 1, 1, 1, 1, 1, 1, 1, 1, 1, 1, 1, 1, 1, 1, 1, 1, 1, 1, 1, 0.999, 0.999, 0.997, 0.992
0.999, 0.999, 1, 1, 1, 1, 1, 1, 1, 1, 1, 1, 1, 1, 1, 1, 1, 1, 1, 1, 0.998, 0.996, 0.992, 0.978, 0.965
1, 1, 1, 1, 1, 1, 1, 1, 1, 1, 1, 1, 1, 1, 1, 1, 1, 1, 1, 0.997, 0.989, 0.989, 0.963, 0.938, 0.9
1, 1, 1, 1, 1, 1, 1, 1, 1, 1, 1, 1, 1, 1, 1, 1, 1, 0.999, 0.994, 0.986, 0.968, 0.943, 0.911, 0.855, 0.779
1, 1, 1, 1, 1, 1, 1, 1, 1, 1, 1, 1, 1, 1, 1, 1, 0.997, 0.991, 0.967, 0.956, 0.908, 0.838, 0.81, 0.7, 0.598
1, 1, 1, 1, 1, 1, 1, 1, 1, 1, 1, 1, 1, 1, 1, 0.999, 0.984, 0.959, 0.915, 0.869, 0.772, 0.695, 0.581, 0.455, 0.371
1, 1, 1, 1, 1, 1, 1, 1, 1, 1, 1, 1, 1, 1, 0.997, 0.988, 0.931, 0.885, 0.811, 0.705, 0.567, 0.474, 0.351, 0.276, 0.177
1, 1, 1, 1, 1, 1, 1, 1, 1, 1, 1, 1, 1, 0.999, 0.989, 0.917, 0.805, 0.708, 0.583, 0.486, 0.356, 0.258, 0.156, 0.109, 0.075
1, 1, 1, 1, 1, 1, 1, 1, 1, 1, 1, 1, 0.998, 0.989, 0.915, 0.743, 0.613, 0.479, 0.326, 0.244, 0.167, 0.086, 0.056, 0.026, 0.019
1, 1, 1, 1, 1, 1, 1, 1, 1, 1, 1, 1, 0.995, 0.933, 0.702, 0.52, 0.378, 0.247, 0.164, 0.107, 0.052, 0.031, 0.014, 0.007, 0.002
1, 1, 0.998, 0.995, 0.998, 0.999, 0.998, 0.998, 0.999, 0.995, 0.995, 0.987, 0.945, 0.625, 0.368, 0.253, 0.153, 0.071, 0.037, 0.021, 0.009, 0.006, 0.003, 0.001, 0
0.75, 0.695, 0.657, 0.638, 0.66, 0.64, 0.645, 0.607, 0.594, 0.542, 0.534, 0.436, 0.367, 0.093, 0.057, 0.023, 0.012, 0.007, 0.005, 0.003, 0, 0.001, 0, 0, 0
0, 0, 0, 0.001, 0, 0, 0, 0.001, 0.006, 0.012, 0.033, 0.099, 0.273, 0.393, 0.424, 0.509, 0.538, 0.57, 0.63, 0.587, 0.625, 0.594, 0.64, 0.655, 0.706
0, 0.001, 0.001, 0.001, 0.001, 0.005, 0.016, 0.033, 0.057, 0.137, 0.269, 0.518, 0.879, 0.966, 0.994, 0.99, 0.996, 0.998, 0.995, 0.996, 0.997, 0.999, 0.996, 0.996, 0.999
0.001, 0, 0.005, 0.012, 0.022, 0.048, 0.07, 0.129, 0.203, 0.358, 0.543, 0.885, 0.981, 0.998, 0.999, 1, 0.999, 1, 1, 1, 1, 1, 1, 1, 1
0.004, 0.014, 0.023, 0.04, 0.068, 0.107, 0.221, 0.303, 0.444, 0.614, 0.839, 0.975, 0.996, 1, 0.999, 1, 1, 1, 1, 1, 1, 1, 1, 1, 1
0.026, 0.057, 0.082, 0.116, 0.179, 0.301, 0.426, 0.531, 0.675, 0.831, 0.975, 0.998, 1, 0.999, 1, 1, 1, 1, 1, 1, 1, 1, 1, 1, 1
0.098, 0.139, 0.2, 0.308, 0.424, 0.51, 0.663, 0.768, 0.834, 0.963, 0.994, 0.999, 1, 1, 1, 1, 1, 1, 1, 1, 1, 1, 1, 1, 1
0.204, 0.302, 0.385, 0.498, 0.624, 0.716, 0.802, 0.883, 0.95, 0.996, 1, 1, 1, 1, 1, 1, 1, 1, 1, 1, 1, 1, 1, 1, 1
0.383, 0.499, 0.614, 0.714, 0.801, 0.851, 0.896, 0.966, 0.993, 0.999, 1, 1, 1, 1, 1, 1, 1, 1, 1, 1, 1, 1, 1, 1, 1
0.613, 0.702, 0.793, 0.869, 0.911, 0.972, 0.978, 0.994, 0.999, 1, 1, 1, 1, 1, 1, 1, 1, 1, 1, 1, 1, 1, 1, 1, 1
0.787, 0.87, 0.906, 0.957, 0.971, 0.983, 0.997, 1, 1, 1, 1, 1, 1, 1, 1, 1, 1, 1, 1, 1, 1, 1, 1, 1, 1
0.916, 0.941, 0.969, 0.975, 0.994, 0.998, 1, 1, 1, 1, 1, 1, 1, 1, 1, 1, 1, 1, 1, 1, 1, 1, 1, 1, 1
0.951, 0.976, 0.995, 0.995, 0.997, 0.999, 1, 1, 1, 1, 1, 1, 1, 1, 1, 1, 1, 1, 1, 1, 1, 1, 0.998, 1, 1
0.983, 0.995, 0.998, 0.998, 1, 1, 1, 1, 1, 1, 1, 1, 1, 1, 1, 1, 1, 1, 1, 1, 1, 1, 1, 1, 0.998
0.996, 0.999, 1, 1, 1, 1, 1, 1, 1, 1, 1, 1, 1, 1, 1, 1, 1, 1, 1, 1, 1, 1, 0.998, 0.998, 0.999
1, 1, 1, 1, 1, 1, 1, 1, 1, 1, 1, 1, 1, 1, 1, 1, 1, 1, 1, 1, 0.998, 0.997, 0.991, 0.981, 0.966
1, 1, 1, 1, 1, 1, 1, 1, 1, 1, 1, 1, 1, 1, 1, 1, 1, 1, 0.999, 0.997, 0.99, 0.99, 0.976, 0.953, 0.93
1, 1, 1, 1, 1, 1, 1, 1, 1, 1, 1, 1, 1, 1, 1, 1, 1, 1, 0.995, 0.986, 0.982, 0.963, 0.923, 0.862, 0.826
1, 1, 1, 1, 1, 1, 1, 1, 1, 1, 1, 1, 1, 1, 1, 1, 0.998, 0.99, 0.979, 0.953, 0.932, 0.892, 0.834, 0.749, 0.665
1, 1, 1, 1, 1, 1, 1, 1, 1, 1, 1, 1, 1, 1, 1, 1, 0.991, 0.968, 0.929, 0.892, 0.836, 0.742, 0.663, 0.536, 0.459
1, 1, 1, 1, 1, 1, 1, 1, 1, 1, 1, 1, 1, 1, 0.996, 0.991, 0.949, 0.909, 0.826, 0.757, 0.641, 0.525, 0.418, 0.303, 0.218
1, 1, 1, 1, 1, 1, 1, 1, 1, 1, 1, 1, 1, 1, 0.995, 0.922, 0.832, 0.77, 0.653, 0.531, 0.397, 0.293, 0.223, 0.154, 0.077
1, 1, 1, 1, 1, 1, 1, 1, 1, 1, 1, 1, 1, 0.995, 0.946, 0.8, 0.668, 0.532, 0.437, 0.284, 0.201, 0.135, 0.082, 0.04, 0.025
1, 1, 1, 1, 1, 1, 1, 1, 1, 1, 1, 1, 0.999, 0.946, 0.727, 0.552, 0.42, 0.29, 0.193, 0.109, 0.063, 0.031, 0.016, 0.013, 0.004
1, 1, 0.999, 0.999, 1, 0.999, 0.999, 0.997, 0.999, 0.999, 0.996, 0.989, 0.951, 0.647, 0.389, 0.272, 0.164, 0.097, 0.064, 0.026, 0.014, 0.002, 0, 0.001, 0.001
0.734, 0.711, 0.712, 0.684, 0.666, 0.687, 0.686, 0.652, 0.625, 0.597, 0.531, 0.478, 0.359, 0.123, 0.063, 0.039, 0.021, 0.007, 0.004, 0.001, 0.002, 0.001, 0, 0, 0
0, 0, 0, 0, 0, 0.001, 0, 0.001, 0.005, 0.013, 0.023, 0.064, 0.232, 0.369, 0.418, 0.48, 0.51, 0.509, 0.537, 0.602, 0.575, 0.615, 0.64, 0.626, 0.655
0, 0, 0, 0.001, 0.002, 0.004, 0.017, 0.025, 0.06, 0.108, 0.208, 0.48, 0.862, 0.948, 0.978, 0.984, 0.995, 0.992, 0.996, 0.997, 0.996, 0.997, 0.998, 0.999, 0.997
0, 0.001, 0.001, 0.005, 0.016, 0.028, 0.049, 0.112, 0.183, 0.332, 0.497, 0.847, 0.971, 0.995, 0.999, 1, 0.997, 1, 1, 0.999, 1, 1, 1, 1, 1
0.002, 0.004, 0.012, 0.033, 0.063, 0.102, 0.165, 0.277, 0.396, 0.531, 0.82, 0.967, 0.996, 1, 1, 1, 1, 1, 1, 1, 1, 1, 1, 1, 1
0.02, 0.03, 0.047, 0.107, 0.16, 0.247, 0.36, 0.471, 0.633, 0.775, 0.961, 0.993, 1, 1, 1, 1, 1, 1, 1, 1, 1, 1, 1, 1, 1
0.074, 0.099, 0.155, 0.247, 0.316, 0.438, 0.571, 0.688, 0.798, 0.951, 0.99, 0.999, 1, 1, 1, 1, 1, 1, 1, 1, 1, 1, 1, 1, 1
0.143, 0.238, 0.316, 0.427, 0.534, 0.66, 0.778, 0.865, 0.948, 0.987, 0.996, 1, 1, 1, 1, 1, 1, 1, 1, 1, 1, 1, 1, 1, 1
0.336, 0.436, 0.573, 0.635, 0.759, 0.811, 0.895, 0.949, 0.99, 0.999, 1, 1, 1, 1, 1, 1, 1, 1, 1, 1, 1, 1, 1, 1, 1
0.557, 0.648, 0.757, 0.837, 0.882, 0.918, 0.963, 0.986, 0.999, 1, 1, 1, 1, 1, 1, 1, 1, 1, 1, 1, 1, 1, 1, 1, 1
0.765, 0.81, 0.873, 0.932, 0.953, 0.982, 0.992, 1, 0.999, 1, 1, 1, 1, 1, 1, 1, 1, 1, 1, 1, 1, 1, 1, 1, 1
0.862, 0.931, 0.95, 0.978, 0.975, 0.997, 0.999, 1, 1, 1, 1, 1, 1, 1, 1, 1, 1, 1, 1, 1, 1, 1, 1, 1, 1
0.954, 0.967, 0.983, 0.994, 0.994, 0.999, 1, 1, 1, 1, 1, 1, 1, 1, 1, 1, 1, 1, 1, 1, 1, 1, 1, 1, 1
0.982, 0.988, 0.996, 0.995, 1, 1, 1, 1, 1, 1, 1, 1, 1, 1, 1, 1, 1, 1, 1, 1, 1, 1, 1, 1, 0.999
0.993, 0.996, 0.999, 0.999, 1, 1, 1, 1, 1, 1, 1, 1, 1, 1, 1, 1, 1, 1, 1, 1, 1, 0.999, 0.999, 1, 0.998
0.999, 0.998, 1, 1, 1, 1, 1, 1, 1, 1, 1, 1, 1, 1, 1, 1, 1, 1, 1, 1, 1, 1, 0.996, 0.996, 0.986
0.999, 1, 1, 1, 1, 1, 1, 1, 1, 1, 1, 1, 1, 1, 1, 1, 1, 1, 0.999, 0.999, 0.996, 0.993, 0.989, 0.975, 0.951
1, 1, 1, 1, 1, 1, 1, 1, 1, 1, 1, 1, 1, 1, 1, 1, 1, 0.999, 0.997, 0.997, 0.984, 0.974, 0.945, 0.91, 0.867
1, 1, 1, 1, 1, 1, 1, 1, 1, 1, 1, 1, 1, 1, 1, 1, 0.999, 0.993, 0.988, 0.974, 0.946, 0.916, 0.859, 0.798, 0.698
1, 1, 1, 1, 1, 1, 1, 1, 1, 1, 1, 1, 1, 1, 1, 1, 0.993, 0.976, 0.952, 0.923, 0.87, 0.765, 0.701, 0.59, 0.509
1, 1, 1, 1, 1, 1, 1, 1, 1, 1, 1, 1, 1, 1, 1, 0.996, 0.967, 0.924, 0.872, 0.801, 0.676, 0.614, 0.477, 0.375, 0.297
1, 1, 1, 1, 1, 1, 1, 1, 1, 1, 1, 1, 1, 1, 0.997, 0.95, 0.893, 0.801, 0.686, 0.592, 0.468, 0.344, 0.252, 0.2, 0.116
1, 1, 1, 1, 1, 1, 1, 1, 1, 1, 1, 1, 0.999, 0.997, 0.951, 0.817, 0.744, 0.591, 0.452, 0.326, 0.235, 0.176, 0.093, 0.058, 0.043
1, 1, 1, 1, 1, 1, 1, 1, 1, 1, 1, 1, 0.998, 0.965, 0.783, 0.613, 0.45, 0.33, 0.23, 0.153, 0.08, 0.04, 0.025, 0.005, 0.001
0.998, 1, 0.999, 0.997, 0.999, 0.999, 1, 0.997, 1, 1, 0.997, 0.992, 0.962, 0.728, 0.468, 0.304, 0.177, 0.111, 0.069, 0.046, 0.011, 0.006, 0.003, 0.004, 0.001
0.758, 0.718, 0.71, 0.686, 0.672, 0.696, 0.663, 0.628, 0.635, 0.604, 0.564, 0.513, 0.398, 0.165, 0.076, 0.053, 0.021, 0.014, 0.007, 0.001, 0, 0.002, 0, 0, 0
0, 0, 0, 0, 0, 0, 0, 0, 0.003, 0.008, 0.013, 0.07, 0.238, 0.301, 0.388, 0.45, 0.508, 0.544, 0.508, 0.549, 0.567, 0.585, 0.566, 0.637, 0.652
0, 0, 0, 0.001, 0, 0.004, 0.004, 0.02, 0.048, 0.094, 0.207, 0.428, 0.813, 0.935, 0.967, 0.978, 0.992, 0.993, 0.992, 0.997, 0.995, 0.996, 0.995, 0.997, 0.996
0, 0, 0.002, 0, 0.011, 0.021, 0.049, 0.082, 0.145, 0.26, 0.441, 0.832, 0.96, 0.991, 0.996, 0.999, 1, 1, 1, 1, 1, 1, 1, 1, 1
0.003, 0.004, 0.008, 0.021, 0.04, 0.077, 0.132, 0.21, 0.317, 0.508, 0.775, 0.949, 0.994, 0.998, 1, 1, 1, 1, 1, 1, 1, 1, 1, 1, 1
0.008, 0.025, 0.046, 0.085, 0.115, 0.193, 0.271, 0.43, 0.559, 0.739, 0.939, 0.985, 0.999, 1, 1, 1, 1, 1, 1, 1, 1, 1, 1, 1, 1
0.05, 0.07, 0.12, 0.192, 0.257, 0.369, 0.504, 0.627, 0.771, 0.923, 0.99, 1, 0.999, 1, 1, 1, 1, 1, 1, 1, 1, 1, 1, 1, 1
0.119, 0.195, 0.286, 0.348, 0.503, 0.601, 0.698, 0.802, 0.933, 0.978, 0.998, 1, 1, 1, 1, 1, 1, 1, 1, 1, 1, 1, 1, 1, 1
0.285, 0.339, 0.474, 0.59, 0.695, 0.802, 0.851, 0.917, 0.984, 0.994, 1, 1, 1, 1, 1, 1, 1, 1, 1, 1, 1, 1, 1, 1, 1
0.472, 0.574, 0.671, 0.772, 0.861, 0.906, 0.948, 0.985, 0.998, 1, 1, 1, 1, 1, 1, 1, 1, 1, 1, 1, 1, 1, 1, 1, 1
0.681, 0.772, 0.83, 0.886, 0.929, 0.962, 0.988, 0.996, 1, 1, 1, 1, 1, 1, 1, 1, 1, 1, 1, 1, 1, 1, 1, 1, 1
0.82, 0.879, 0.936, 0.96, 0.971, 0.99, 0.998, 1, 1, 1, 1, 1, 1, 1, 1, 1, 1, 1, 1, 1, 1, 1, 1, 1, 1
0.922, 0.96, 0.988, 0.988, 0.995, 1, 1, 1, 1, 1, 1, 1, 1, 1, 1, 1, 1, 1, 1, 1, 1, 1, 1, 1, 1
0.981, 0.986, 0.995, 0.995, 0.999, 1, 1, 1, 1, 1, 1, 1, 1, 1, 1, 1, 1, 1, 1, 1, 1, 1, 1, 1, 0.999
0.99, 0.995, 1, 0.997, 1, 1, 1, 1, 1, 1, 1, 1, 1, 1, 1, 1, 1, 1, 1, 0.999, 1, 1, 1, 0.998, 0.995
0.999, 0.999, 1, 1, 1, 1, 1, 1, 1, 1, 1, 1, 1, 1, 1, 1, 1, 1, 1, 1, 1, 0.999, 0.996, 0.993, 0.987
1, 1, 1, 1, 1, 1, 1, 1, 1, 1, 1, 1, 1, 1, 1, 1, 1, 1, 1, 1, 0.998, 0.999, 0.991, 0.973, 0.967
1, 1, 1, 1, 1, 1, 1, 1, 1, 1, 1, 1, 1, 1, 1, 1, 1, 1, 0.999, 0.996, 0.993, 0.983, 0.971, 0.944, 0.907
1, 1, 1, 1, 1, 1, 1, 1, 1, 1, 1, 1, 1, 1, 1, 1, 1, 0.997, 0.994, 0.983, 0.977, 0.934, 0.886, 0.837, 0.759
1, 1, 1, 1, 1, 1, 1, 1, 1, 1, 1, 1, 1, 1, 1, 0.999, 0.999, 0.986, 0.972, 0.955, 0.906, 0.842, 0.732, 0.628, 0.583
1, 1, 1, 1, 1, 1, 1, 1, 1, 1, 1, 1, 1, 1, 0.999, 0.995, 0.986, 0.953, 0.916, 0.841, 0.76, 0.673, 0.552, 0.429, 0.343
1, 1, 1, 1, 1, 1, 1, 1, 1, 1, 1, 1, 1, 1, 1, 0.962, 0.912, 0.831, 0.773, 0.662, 0.531, 0.405, 0.314, 0.257, 0.154
1, 1, 1, 1, 1, 1, 1, 1, 1, 1, 1, 1, 0.999, 0.998, 0.971, 0.851, 0.761, 0.678, 0.544, 0.394, 0.302, 0.206, 0.141, 0.077, 0.057
1, 1, 1, 1, 1, 1, 1, 1, 1, 1, 1, 1, 1, 0.961, 0.802, 0.671, 0.512, 0.408, 0.273, 0.188, 0.12, 0.084, 0.035, 0.017, 0.018
0.998, 0.999, 1, 1, 1, 0.998, 1, 0.999, 0.999, 0.998, 1, 0.995, 0.97, 0.743, 0.502, 0.328, 0.24, 0.154, 0.093, 0.05, 0.019, 0.014, 0.006, 0.003, 0
0.767, 0.741, 0.733, 0.716, 0.708, 0.7, 0.7, 0.689, 0.647, 0.626, 0.574, 0.519, 0.407, 0.135, 0.079, 0.046, 0.028, 0.008, 0.003, 0.002, 0, 0.001, 0, 0, 0
0, 0, 0, 0, 0, 0.001, 0.001, 0.002, 0, 0.005, 0.019, 0.061, 0.203, 0.28, 0.373, 0.437, 0.484, 0.49, 0.532, 0.536, 0.526, 0.585, 0.559, 0.596, 0.633
0, 0, 0, 0, 0, 0.002, 0.005, 0.016, 0.023, 0.075, 0.188, 0.425, 0.808, 0.92, 0.967, 0.967, 0.984, 0.991, 0.991, 0.998, 0.996, 0.994, 0.991, 0.995, 0.996
0, 0, 0.001, 0.002, 0.008, 0.01, 0.026, 0.056, 0.124, 0.215, 0.409, 0.774, 0.952, 0.992, 0.997, 0.999, 1, 0.999, 1, 1, 1, 0.998, 0.999, 0.999, 0.999
0, 0.004, 0.006, 0.012, 0.022, 0.049, 0.12, 0.152, 0.262, 0.428, 0.723, 0.932, 0.982, 0.994, 1, 1, 1, 1, 1, 1, 1, 1, 1, 1, 1
0.008, 0.014, 0.024, 0.048, 0.07, 0.15, 0.231, 0.357, 0.491, 0.696, 0.919, 0.986, 0.998, 0.999, 0.999, 1, 1, 1, 1, 1, 1, 1, 1, 1, 1
0.035, 0.056, 0.088, 0.154, 0.217, 0.316, 0.44, 0.558, 0.702, 0.902, 0.982, 0.996, 0.999, 1, 1, 1, 1, 1, 1, 1, 1, 1, 1, 1, 1
0.111, 0.163, 0.234, 0.324, 0.389, 0.548, 0.63, 0.753, 0.889, 0.976, 0.996, 1, 1, 1, 1, 1, 1, 1, 1, 1, 1, 1, 1, 1, 1
0.215, 0.281, 0.409, 0.514, 0.618, 0.741, 0.816, 0.891, 0.978, 0.996, 0.999, 1, 1, 1, 1, 1, 1, 1, 1, 1, 1, 1, 1, 1, 1
0.429, 0.504, 0.609, 0.709, 0.803, 0.868, 0.931, 0.982, 0.996, 0.998, 1, 1, 1, 1, 1, 1, 1, 1, 1, 1, 1, 1, 1, 1, 1
0.616, 0.728, 0.78, 0.841, 0.919, 0.941, 0.982, 0.995, 1, 1, 1, 1, 1, 1, 1, 1, 1, 1, 1, 1, 1, 1, 1, 1, 1
0.793, 0.849, 0.91, 0.952, 0.971, 0.979, 0.997, 0.999, 1, 1, 1, 1, 1, 1, 1, 1, 1, 1, 1, 1, 1, 1, 1, 1, 1
0.872, 0.924, 0.963, 0.983, 0.986, 0.996, 1, 1, 1, 1, 1, 1, 1, 1, 1, 1, 1, 1, 1, 1, 1, 1, 1, 1, 1
0.96, 0.971, 0.993, 0.995, 0.999, 1, 1, 1, 1, 1, 1, 1, 1, 1, 1, 1, 1, 1, 1, 1, 1, 1, 1, 1, 0.997
0.99, 0.993, 0.996, 0.999, 1, 1, 1, 1, 1, 1, 1, 1, 1, 1, 1, 1, 1, 1, 1, 1, 1, 1, 1, 1, 0.998
0.999, 0.997, 0.999, 1, 1, 1, 1, 1, 1, 1, 1, 1, 1, 1, 1, 1, 1, 1, 1, 1, 0.999, 1, 0.997, 0.998, 0.996
0.999, 0.999, 1, 1, 1, 1, 1, 1, 1, 1, 1, 1, 1, 1, 1, 1, 1, 1, 1, 0.999, 1, 0.997, 0.989, 0.985, 0.968
0.999, 1, 1, 1, 1, 1, 1, 1, 1, 1, 1, 1, 1, 1, 1, 1, 1, 1, 1, 0.998, 0.995, 0.989, 0.98, 0.945, 0.911
1, 1, 1, 1, 1, 1, 1, 1, 1, 1, 1, 1, 1, 1, 1, 1, 1, 0.997, 0.996, 0.991, 0.982, 0.96, 0.917, 0.87, 0.805
1, 1, 1, 1, 1, 1, 1, 1, 1, 1, 1, 1, 1, 1, 1, 1, 0.998, 0.993, 0.976, 0.958, 0.924, 0.89, 0.788, 0.714, 0.594
1, 1, 1, 1, 1, 1, 1, 1, 1, 1, 1, 1, 1, 1, 1, 1, 0.983, 0.962, 0.915, 0.889, 0.767, 0.701, 0.59, 0.531, 0.411
1, 1, 1, 1, 1, 1, 1, 1, 1, 1, 1, 1, 1, 0.999, 1, 0.97, 0.933, 0.872, 0.793, 0.681, 0.595, 0.474, 0.338, 0.272, 0.195
1, 1, 1, 1, 1, 1, 1, 1, 1, 1, 1, 1, 1, 0.998, 0.967, 0.895, 0.799, 0.696, 0.581, 0.436, 0.333, 0.23, 0.156, 0.118, 0.058
1, 1, 1, 1, 1, 1, 1, 1, 1, 1, 1, 1, 0.995, 0.982, 0.839, 0.721, 0.556, 0.406, 0.295, 0.195, 0.154, 0.082, 0.049, 0.023, 0.009
1, 0.999, 1, 0.999, 1, 1, 1, 0.998, 0.999, 0.999, 0.999, 0.997, 0.981, 0.752, 0.555, 0.381, 0.267, 0.173, 0.13, 0.071, 0.034, 0.011, 0.007, 0.002, 0.001
0.776, 0.76, 0.741, 0.723, 0.711, 0.734, 0.706, 0.696, 0.678, 0.626, 0.603, 0.53, 0.459, 0.168, 0.114, 0.061, 0.027, 0.017, 0.008, 0.004, 0.001, 0.001, 0, 0, 0
0, 0, 0, 0, 0, 0, 0, 0, 0.001, 0.005, 0.016, 0.039, 0.193, 0.27, 0.313, 0.379, 0.436, 0.486, 0.503, 0.52, 0.513, 0.536, 0.54, 0.583, 0.611
0, 0.001, 0, 0, 0, 0.001, 0.005, 0.009, 0.025, 0.063, 0.135, 0.361, 0.745, 0.911, 0.945, 0.971, 0.979, 0.98, 0.986, 0.989, 0.987, 0.992, 0.993, 0.991, 0.996
0, 0, 0, 0.003, 0.001, 0.003, 0.021, 0.045, 0.105, 0.18, 0.368, 0.694, 0.942, 0.986, 0.994, 0.999, 1, 0.999, 1, 1, 1, 1, 0.998, 1, 1
0.001, 0.001, 0.009, 0.007, 0.021, 0.034, 0.065, 0.132, 0.254, 0.371, 0.658, 0.91, 0.981, 0.996, 1, 0.999, 1, 1, 1, 1, 1, 1, 1, 1, 1
0.004, 0.005, 0.026, 0.033, 0.072, 0.091, 0.209, 0.296, 0.433, 0.619, 0.886, 0.975, 0.996, 0.999, 1, 0.999, 1, 1, 1, 1, 1, 1, 1, 1, 1
0.018, 0.038, 0.084, 0.108, 0.169, 0.269, 0.375, 0.505, 0.65, 0.886, 0.97, 0.997, 1, 0.999, 1, 1, 1, 1, 1, 1, 1, 1, 1, 1, 1
0.072, 0.125, 0.177, 0.251, 0.359, 0.442, 0.586, 0.711, 0.844, 0.962, 0.997, 1, 1, 1, 0.999, 1, 1, 1, 1, 1, 1, 1, 1, 1, 1
0.185, 0.253, 0.353, 0.472, 0.582, 0.683, 0.775, 0.86, 0.973, 0.993, 1, 0.999, 1, 1, 1, 1, 1, 1, 1, 1, 1, 1, 1, 1, 1
0.369, 0.433, 0.544, 0.654, 0.745, 0.844, 0.909, 0.975, 0.991, 1, 1, 1, 1, 1, 1, 1, 1, 1, 1, 1, 1, 1, 1, 1, 1
0.509, 0.662, 0.747, 0.807, 0.874, 0.922, 0.968, 0.994, 0.999, 0.999, 1, 1, 1, 1, 1, 1, 1, 1, 1, 1, 1, 1, 1, 1, 1
0.739, 0.823, 0.874, 0.921, 0.939, 0.967, 0.992, 0.999, 1, 0.999, 1, 1, 1, 1, 1, 1, 1, 1, 1, 1, 1, 1, 1, 1, 1
0.871, 0.909, 0.935, 0.972, 0.983, 0.995, 0.998, 1, 1, 1, 1, 1, 1, 1, 1, 1, 1, 1, 1, 1, 1, 1, 1, 1, 1
0.93, 0.959, 0.979, 0.988, 0.996, 1, 1, 1, 1, 1, 1, 1, 1, 1, 1, 1, 1, 1, 1, 1, 1, 1, 1, 1, 1
0.984, 0.983, 0.997, 0.998, 0.999, 1, 1, 1, 1, 1, 1, 1, 1, 1, 1, 1, 1, 1, 1, 1, 1, 1, 1, 1, 0.999
0.986, 0.998, 0.999, 0.999, 1, 1, 1, 1, 1, 1, 1, 1, 1, 1, 1, 1, 1, 1, 1, 1, 1, 1, 0.999, 0.998, 0.994
1, 0.999, 1, 1, 1, 1, 1, 1, 1, 1, 1, 1, 1, 1, 1, 1, 1, 1, 1, 1, 0.999, 0.998, 0.996, 0.991, 0.983
0.999, 1, 1, 1, 1, 1, 1, 1, 1, 1, 1, 1, 1, 1, 1, 1, 1, 1, 0.999, 0.999, 0.996, 0.992, 0.982, 0.962, 0.945
1, 1, 1, 1, 1, 1, 1, 1, 1, 1, 1, 1, 1, 1, 1, 1, 1, 0.998, 0.998, 0.992, 0.983, 0.964, 0.952, 0.891, 0.82
1, 1, 1, 1, 1, 1, 1, 1, 1, 1, 1, 1, 1, 1, 1, 1, 1, 0.99, 0.981, 0.963, 0.948, 0.91, 0.833, 0.767, 0.657
1, 1, 1, 1, 1, 1, 1, 1, 1, 1, 1, 1, 1, 1, 1, 1, 0.987, 0.975, 0.945, 0.919, 0.834, 0.729, 0.653, 0.549, 0.463
1, 1, 1, 1, 1, 1, 1, 1, 1, 1, 1, 1, 1, 1, 0.998, 0.981, 0.938, 0.892, 0.836, 0.737, 0.646, 0.543, 0.418, 0.313, 0.216
1, 1, 1, 1, 1, 1, 1, 1, 1, 1, 1, 1, 1, 1, 0.983, 0.918, 0.862, 0.763, 0.647, 0.524, 0.392, 0.309, 0.214, 0.135, 0.092
1, 1, 1, 1, 1, 1, 1, 1, 1, 1, 1, 1, 1, 0.979, 0.87, 0.743, 0.598, 0.481, 0.36, 0.249, 0.174, 0.117, 0.06, 0.038, 0.024
0.999, 1, 1, 1, 0.999, 0.999, 1, 1, 1, 0.999, 0.999, 0.996, 0.976, 0.775, 0.585, 0.452, 0.331, 0.215, 0.121, 0.083, 0.041, 0.014, 0.015, 0.003, 0.004
0.77, 0.753, 0.735, 0.745, 0.735, 0.727, 0.742, 0.694, 0.671, 0.639, 0.62, 0.549, 0.478, 0.175, 0.106, 0.077, 0.022, 0.023, 0.013, 0.004, 0, 0, 0.002, 0.001, 0
0, 0, 0, 0, 0, 0.001, 0, 0.001, 0, 0.004, 0.006, 0.039, 0.163, 0.254, 0.32, 0.372, 0.406, 0.447, 0.501, 0.485, 0.499, 0.515, 0.518, 0.508, 0.57
0, 0, 0, 0, 0, 0, 0.002, 0.007, 0.017, 0.049, 0.125, 0.303, 0.712, 0.861, 0.943, 0.946, 0.972, 0.976, 0.981, 0.984, 0.984, 0.989, 0.995, 0.99, 0.995
0, 0, 0, 0, 0.007, 0.009, 0.02, 0.038, 0.077, 0.141, 0.312, 0.697, 0.903, 0.982, 0.991, 0.992, 0.995, 0.998, 0.999, 0.999, 0.999, 1, 1, 1, 1
0, 0.001, 0.002, 0.003, 0.019, 0.03, 0.059, 0.122, 0.177, 0.337, 0.622, 0.901, 0.97, 0.993, 0.999, 1, 1, 1, 0.999, 1, 1, 1, 1, 1, 1
0.003, 0.004, 0.012, 0.021, 0.064, 0.072, 0.161, 0.249, 0.381, 0.555, 0.845, 0.961, 0.992, 0.997, 1, 1, 0.999, 1, 1, 1, 1, 1, 1, 1, 1
0.013, 0.029, 0.041, 0.084, 0.124, 0.226, 0.353, 0.424, 0.573, 0.84, 0.954, 0.987, 0.998, 1, 1, 1, 1, 1, 1, 1, 1, 1, 1, 1, 1
0.056, 0.082, 0.139, 0.205, 0.277, 0.401, 0.504, 0.671, 0.816, 0.955, 0.992, 0.995, 0.999, 1, 1, 1, 1, 1, 1, 1, 1, 1, 1, 1, 1
0.138, 0.176, 0.254, 0.376, 0.466, 0.57, 0.693, 0.802, 0.936, 0.988, 0.999, 1, 1, 1, 1, 1, 1, 1, 1, 1, 1, 1, 1, 1, 1
0.242, 0.378, 0.467, 0.58, 0.684, 0.797, 0.861, 0.958, 0.988, 0.996, 1, 1, 1, 1, 1, 1, 1, 1, 1, 1, 1, 1, 1, 1, 1
0.445, 0.585, 0.685, 0.748, 0.833, 0.899, 0.957, 0.987, 0.999, 1, 1, 1, 1, 1, 1, 1, 1, 1, 1, 1, 1, 1, 1, 1, 1
0.665, 0.764, 0.822, 0.873, 0.912, 0.957, 0.988, 0.995, 1, 1, 1, 1, 1, 1, 1, 1, 1, 1, 1, 1, 1, 1, 1, 1, 1
0.821, 0.885, 0.927, 0.946, 0.97, 0.99, 0.999, 1, 1, 1, 1, 1, 1, 1, 1, 1, 1, 1, 1, 1, 1, 1, 1, 1, 1
0.914, 0.942, 0.961, 0.98, 0.996, 0.997, 1, 1, 1, 1, 1, 1, 1, 1, 1, 1, 1, 1, 1, 1, 1, 1, 1, 1, 1
0.971, 0.976, 0.997, 0.994, 0.999, 1, 1, 1, 1, 1, 1, 1, 1, 1, 1, 1, 1, 1, 1, 1, 1, 1, 1, 1, 0.999
0.992, 0.994, 0.997, 1, 1, 1, 1, 1, 1, 1, 1, 1, 1, 1, 1, 1, 1, 1, 1, 1, 1, 1, 1, 0.999, 0.995
0.99, 0.997, 1, 1, 1, 1, 1, 1, 1, 1, 1, 1, 1, 1, 1, 1, 1, 1, 1, 0.999, 0.999, 0.998, 0.999, 0.994, 0.985
0.998, 1, 1, 1, 1, 1, 1, 1, 1, 1, 1, 1, 1, 1, 1, 1, 1, 1, 1, 0.999, 0.999, 0.996, 0.995, 0.97, 0.959
1, 1, 1, 1, 1, 1, 1, 1, 1, 1, 1, 1, 1, 1, 1, 1, 1, 1, 0.996, 0.997, 0.988, 0.969, 0.949, 0.919, 0.89
1, 1, 1, 1, 1, 1, 1, 1, 1, 1, 1, 1, 1, 1, 1, 1, 1, 0.994, 0.992, 0.977, 0.962, 0.912, 0.87, 0.815, 0.729
1, 1, 1, 1, 1, 1, 1, 1, 1, 1, 1, 1, 1, 1, 1, 0.997, 0.994, 0.981, 0.944, 0.917, 0.878, 0.792, 0.701, 0.606, 0.482
1, 1, 1, 1, 1, 1, 1, 1, 1, 1, 1, 1, 1, 1, 0.998, 0.985, 0.97, 0.924, 0.853, 0.799, 0.718, 0.572, 0.439, 0.363, 0.258
1, 1, 1, 1, 1, 1, 1, 1, 1, 1, 1, 1, 1, 1, 0.985, 0.935, 0.86, 0.762, 0.698, 0.55, 0.427, 0.337, 0.255, 0.147, 0.098
1, 1, 1, 1, 1, 1, 1, 1, 1, 1, 1, 1, 1, 0.989, 0.897, 0.787, 0.678, 0.528, 0.422, 0.318, 0.207, 0.144, 0.08, 0.046, 0.03
1, 1, 1, 1, 0.999, 1, 1, 1, 1, 1, 1, 0.995, 0.979, 0.786, 0.636, 0.434, 0.327, 0.212, 0.148, 0.09, 0.058, 0.029, 0.008, 0.007, 0.002
0.81, 0.762, 0.763, 0.76, 0.77, 0.74, 0.742, 0.731, 0.708, 0.651, 0.657, 0.532, 0.498, 0.227, 0.122, 0.084, 0.038, 0.026, 0.009, 0.008, 0.004, 0.002, 0, 0, 0.001
0, 0, 0, 0, 0, 0, 0, 0, 0, 0.003, 0.006, 0.036, 0.117, 0.209, 0.283, 0.36, 0.368, 0.413, 0.451, 0.466, 0.49, 0.482, 0.503, 0.552, 0.558
0, 0, 0, 0, 0, 0.001, 0.002, 0.002, 0.009, 0.037, 0.11, 0.313, 0.654, 0.82, 0.9, 0.95, 0.961, 0.965, 0.982, 0.976, 0.986, 0.982, 0.983, 0.982, 0.993
0, 0.001, 0, 0, 0, 0.004, 0.007, 0.026, 0.045, 0.122, 0.265, 0.629, 0.893, 0.959, 0.972, 0.995, 0.997, 0.997, 0.998, 0.999, 0.998, 0.997, 0.998, 0.999, 0.998
0, 0.001, 0, 0.003, 0.012, 0.025, 0.043, 0.092, 0.144, 0.28, 0.549, 0.82, 0.961, 0.987, 0.993, 1, 0.999, 1, 1, 1, 1, 1, 1, 1, 1
0.001, 0.003, 0.009, 0.021, 0.038, 0.084, 0.107, 0.183, 0.317, 0.52, 0.825, 0.949, 0.98, 1, 0.998, 0.999, 1, 1, 1, 1, 1, 1, 1, 1, 1
0.011, 0.012, 0.029, 0.058, 0.122, 0.183, 0.251, 0.389, 0.56, 0.782, 0.932, 0.982, 0.995, 0.999, 0.999, 1, 1, 1, 1, 1, 1, 1, 1, 1, 1
0.033, 0.06, 0.122, 0.14, 0.218, 0.331, 0.445, 0.574, 0.769, 0.922, 0.987, 0.998, 1, 1, 1, 1, 1, 1, 1, 1, 1, 1, 1, 1, 1
0.111, 0.158, 0.232, 0.314, 0.405, 0.538, 0.676, 0.786, 0.927, 0.982, 0.997, 1, 1, 1, 1, 1, 1, 1, 1, 1, 1, 1, 1, 1, 1
0.229, 0.299, 0.43, 0.52, 0.623, 0.725, 0.827, 0.92, 0.983, 0.996, 1, 1, 1, 1, 1, 1, 1, 1, 1, 1, 1, 1, 1, 1, 1
0.394, 0.513, 0.617, 0.704, 0.787, 0.88, 0.954, 0.979, 0.998, 1, 0.998, 1, 1, 1, 1, 1, 1, 1, 1, 1, 1, 1, 1, 1, 1
0.617, 0.68, 0.775, 0.834, 0.892, 0.956, 0.987, 0.995, 0.997, 1, 1, 1, 1, 1, 1, 1, 1, 1, 1, 1, 1, 1, 1, 1, 1
0.765, 0.833, 0.893, 0.922, 0.956, 0.983, 0.999, 0.998, 0.999, 1, 1, 1, 1, 1, 1, 1, 1, 1, 1, 1, 1, 1, 1, 1, 1
0.89, 0.934, 0.958, 0.97, 0.987, 0.997, 0.997, 1, 1, 1, 1, 1, 1, 1, 1, 1, 1, 1, 1, 1, 1, 1, 1, 1, 1
0.946, 0.973, 0.981, 0.988, 0.998, 1, 1, 1, 1, 1, 1, 1, 1, 1, 1, 1, 1, 1, 1, 1, 1, 1, 1, 1, 0.999
0.988, 0.993, 0.999, 0.999, 0.999, 1, 1, 1, 1, 1, 1, 1, 1, 1, 1, 1, 1, 1, 1, 1, 1, 1, 1, 1, 0.997
0.995, 0.999, 0.999, 0.999, 1, 1, 1, 1, 1, 1, 1, 1, 1, 1, 1, 1, 1, 1, 1, 1, 0.999, 1, 0.999, 0.998, 0.992
0.998, 1, 1, 1, 1, 1, 1, 1, 1, 1, 1, 1, 1, 1, 1, 1, 1, 1, 1, 1, 1, 0.992, 0.994, 0.979, 0.96
0.999, 1, 1, 1, 1, 1, 1, 1, 1, 1, 1, 1, 1, 1, 1, 1, 1, 1, 1, 1, 0.996, 0.991, 0.971, 0.952, 0.9
1, 1, 1, 1, 1, 1, 1, 1, 1, 1, 1, 1, 1, 1, 1, 1, 0.999, 1, 0.993, 0.986, 0.966, 0.928, 0.917, 0.851, 0.754
1, 1, 1, 1, 1, 1, 1, 1, 1, 1, 1, 1, 1, 1, 1, 1, 0.994, 0.987, 0.968, 0.939, 0.908, 0.833, 0.747, 0.67, 0.552
1, 1, 1, 1, 1, 1, 1, 1, 1, 1, 1, 1, 1, 1, 0.998, 0.987, 0.972, 0.943, 0.899, 0.826, 0.736, 0.647, 0.533, 0.425, 0.309
1, 1, 1, 1, 1, 1, 1, 1, 1, 1, 1, 1, 1, 0.999, 0.988, 0.961, 0.895, 0.835, 0.741, 0.603, 0.505, 0.392, 0.293, 0.221, 0.155
1, 1, 1, 1, 1, 1, 1, 1, 1, 1, 1, 1, 1, 0.993, 0.907, 0.822, 0.727, 0.604, 0.459, 0.353, 0.26, 0.179, 0.09, 0.057, 0.035
1, 0.999, 1, 0.997, 0.998, 0.999, 1, 1, 1, 0.999, 0.999, 1, 0.985, 0.809, 0.669, 0.485, 0.399, 0.325, 0.197, 0.117, 0.069, 0.041, 0.022, 0.012, 0.008
0.798, 0.784, 0.777, 0.755, 0.766, 0.731, 0.739, 0.738, 0.717, 0.673, 0.632, 0.593, 0.503, 0.218, 0.14, 0.082, 0.057, 0.044, 0.019, 0.01, 0.01, 0.004, 0.001, 0, 0
0, 0, 0, 0, 0, 0, 0, 0.001, 0, 0.001, 0.011, 0.022, 0.124, 0.207, 0.291, 0.316, 0.357, 0.387, 0.423, 0.458, 0.432, 0.474, 0.5, 0.498, 0.549
0, 0, 0, 0, 0, 0, 0, 0.004, 0.011, 0.019, 0.076, 0.248, 0.607, 0.801, 0.879, 0.915, 0.94, 0.956, 0.972, 0.965, 0.975, 0.973, 0.981, 0.98, 0.988
0, 0, 0, 0, 0.001, 0.004, 0.01, 0.018, 0.041, 0.095, 0.24, 0.594, 0.846, 0.946, 0.967, 0.987, 0.987, 0.995, 0.995, 0.996, 0.996, 0.997, 0.997, 1, 0.999
0, 0, 0.002, 0.004, 0.004, 0.01, 0.033, 0.041, 0.115, 0.223, 0.524, 0.827, 0.947, 0.988, 0.997, 0.997, 0.999, 0.999, 1, 1, 1, 1, 1, 1, 1
0.001, 0.002, 0.007, 0.013, 0.031, 0.046, 0.09, 0.147, 0.256, 0.455, 0.779, 0.925, 0.984, 0.99, 0.999, 0.999, 1, 0.999, 1, 1, 1, 1, 1, 1, 1
0.003, 0.013, 0.028, 0.041, 0.076, 0.15, 0.196, 0.283, 0.457, 0.751, 0.919, 0.974, 0.993, 0.998, 0.999, 1, 1, 1, 1, 1, 1, 1, 1, 1, 1
0.029, 0.043, 0.095, 0.128, 0.194, 0.26, 0.414, 0.494, 0.726, 0.891, 0.976, 0.995, 0.999, 1, 1, 1, 1, 1, 1, 1, 1, 1, 1, 1, 1
0.07, 0.097, 0.19, 0.26, 0.337, 0.466, 0.579, 0.729, 0.905, 0.964, 0.995, 0.998, 1, 1, 1, 1, 1, 1, 1, 1, 1, 1, 1, 1, 1
0.165, 0.256, 0.353, 0.45, 0.553, 0.648, 0.781, 0.884, 0.97, 0.993, 0.997, 1, 1, 1, 1, 1, 1, 1, 1, 1, 1, 1, 1, 1, 1
0.352, 0.438, 0.529, 0.654, 0.728, 0.796, 0.902, 0.974, 0.991, 0.998, 1, 1, 1, 1, 1, 1, 1, 1, 1, 1, 1, 1, 1, 1, 1
0.521, 0.611, 0.676, 0.777, 0.865, 0.925, 0.971, 0.991, 0.998, 1, 1, 1, 1, 1, 1, 1, 1, 1, 1, 1, 1, 1, 1, 1, 1
0.683, 0.783, 0.857, 0.907, 0.942, 0.978, 0.992, 1, 1, 1, 1, 1, 1, 1, 1, 1, 1, 1, 1, 1, 1, 1, 1, 1, 1
0.819, 0.885, 0.931, 0.965, 0.981, 0.993, 0.999, 1, 1, 1, 1, 1, 1, 1, 1, 1, 1, 1, 1, 1, 1, 1, 1, 1, 1
0.932, 0.95, 0.976, 0.987, 0.997, 1, 1, 1, 1, 1, 1, 1, 1, 1, 1, 1, 1, 1, 1, 1, 1, 1, 1, 1, 0.999
0.973, 0.979, 0.992, 0.997, 0.999, 1, 1, 1, 1, 1, 1, 1, 1, 1, 1, 1, 1, 1, 1, 1, 1, 1, 1, 1, 0.997
0.991, 0.996, 0.995, 0.999, 1, 1, 1, 1, 1, 1, 1, 1, 1, 1, 1, 1, 1, 1, 1, 1, 1, 1, 0.998, 0.999, 0.99
0.995, 0.999, 1, 1, 1, 1, 1, 1, 1, 1, 1, 1, 1, 1, 1, 1, 1, 1, 1, 1, 0.999, 0.996, 0.995, 0.993, 0.977
0.999, 1, 1, 1, 1, 1, 1, 1, 1, 1, 1, 1, 1, 1, 1, 1, 1, 1, 0.998, 0.998, 0.992, 0.987, 0.975, 0.964, 0.92
1, 1, 1, 1, 1, 1, 1, 1, 1, 1, 1, 1, 1, 1, 1, 1, 1, 0.999, 0.997, 0.984, 0.976, 0.957, 0.928, 0.877, 0.821
1, 1, 1, 1, 1, 1, 1, 1, 1, 1, 1, 1, 1, 1, 1, 1, 0.995, 0.985, 0.976, 0.956, 0.911, 0.862, 0.79, 0.704, 0.616
1, 1, 1, 1, 1, 1, 1, 1, 1, 1, 1, 1, 1, 1, 0.999, 0.994, 0.98, 0.953, 0.894, 0.852, 0.779, 0.698, 0.585, 0.469, 0.381
1, 1, 1, 1, 1, 1, 1, 1, 1, 1, 1, 1, 1, 0.999, 0.993, 0.969, 0.9, 0.853, 0.759, 0.684, 0.522, 0.439, 0.357, 0.237, 0.17
1, 1, 1, 1, 1, 1, 1, 1, 1, 1, 1, 1, 1, 0.995, 0.92, 0.846, 0.74, 0.621, 0.522, 0.392, 0.292, 0.198, 0.141, 0.088, 0.048
1, 0.999, 0.999, 1, 0.999, 1, 1, 1, 1, 1, 1, 0.999, 0.991, 0.851, 0.672, 0.559, 0.426, 0.334, 0.222, 0.129, 0.081, 0.048, 0.023, 0.017, 0.013
0.793, 0.793, 0.773, 0.745, 0.775, 0.761, 0.771, 0.739, 0.731, 0.711, 0.649, 0.616, 0.535, 0.23, 0.153, 0.103, 0.054, 0.05, 0.022, 0.006, 0.008, 0.004, 0, 0, 0.001
0, 0, 0, 0, 0, 0, 0, 0, 0, 0, 0.01, 0.019, 0.1, 0.148, 0.223, 0.268, 0.335, 0.356, 0.419, 0.409, 0.41, 0.441, 0.46, 0.477, 0.52
0, 0, 0, 0, 0, 0, 0.001, 0.004, 0.006, 0.016, 0.057, 0.176, 0.538, 0.729, 0.803, 0.892, 0.907, 0.934, 0.957, 0.961, 0.96, 0.963, 0.965, 0.977, 0.982
0, 0, 0, 0, 0.001, 0.002, 0.007, 0.013, 0.023, 0.081, 0.199, 0.52, 0.788, 0.917, 0.953, 0.98, 0.982, 0.989, 0.991, 0.993, 0.995, 0.999, 0.995, 0.997, 0.998
0, 0, 0, 0.001, 0.003, 0.009, 0.023, 0.057, 0.106, 0.195, 0.426, 0.729, 0.906, 0.964, 0.994, 0.993, 0.995, 0.998, 1, 0.999, 1, 1, 0.999, 0.999, 1
0.002, 0, 0.002, 0.003, 0.016, 0.03, 0.054, 0.106, 0.221, 0.405, 0.74, 0.916, 0.967, 0.993, 0.995, 0.998, 1, 0.999, 1, 0.999, 1, 1, 1, 1, 1
0.001, 0.005, 0.02, 0.028, 0.053, 0.101, 0.158, 0.259, 0.389, 0.676, 0.898, 0.968, 0.989, 0.997, 0.999, 1, 1, 1, 0.999, 1, 1, 1, 1, 1, 1
0.019, 0.029, 0.061, 0.09, 0.129, 0.215, 0.34, 0.452, 0.659, 0.886, 0.955, 0.992, 0.998, 0.999, 1, 1, 1, 1, 1, 1, 1, 1, 1, 1, 1
0.047, 0.083, 0.123, 0.212, 0.29, 0.386, 0.504, 0.65, 0.873, 0.957, 0.986, 0.997, 0.998, 1, 1, 1, 1, 1, 1, 1, 1, 1, 1, 1, 1
0.127, 0.193, 0.266, 0.382, 0.481, 0.586, 0.719, 0.862, 0.951, 0.993, 0.995, 1, 1, 1, 1, 1, 1, 1, 1, 1, 1, 1, 1, 1, 1
0.286, 0.353, 0.455, 0.545, 0.662, 0.778, 0.881, 0.953, 0.992, 0.995, 1, 1, 1, 1, 1, 1, 1, 1, 1, 1, 1, 1, 1, 1, 1
0.466, 0.558, 0.644, 0.754, 0.832, 0.907, 0.954, 0.991, 0.997, 0.998, 1, 1, 1, 1, 1, 1, 1, 1, 1, 1, 1, 1, 1, 1, 1
0.64, 0.754, 0.791, 0.875, 0.909, 0.965, 0.989, 0.999, 0.999, 0.999, 1, 1, 1, 1, 1, 1, 1, 1, 1, 1, 1, 1, 1, 1, 1
0.782, 0.862, 0.888, 0.947, 0.97, 0.992, 0.998, 1, 1, 1, 1, 1, 1, 1, 1, 1, 1, 1, 1, 1, 1, 1, 1, 1, 1
0.883, 0.938, 0.963, 0.973, 0.997, 0.998, 1, 1, 1, 1, 1, 1, 1, 1, 1, 1, 1, 1, 1, 1, 1, 1, 1, 1, 1
0.96, 0.966, 0.987, 0.993, 0.996, 1, 1, 1, 1, 1, 1, 1, 1, 1, 1, 1, 1, 1, 1, 1, 1, 1, 1, 1, 0.999
0.978, 0.991, 0.992, 0.999, 1, 1, 1, 1, 1, 1, 1, 1, 1, 1, 1, 1, 1, 1, 1, 1, 1, 1, 1, 0.998, 0.996
0.995, 0.998, 0.997, 1, 1, 1, 1, 1, 1, 1, 1, 1, 1, 1, 1, 1, 1, 1, 1, 1, 1, 0.999, 0.996, 0.991, 0.988
0.999, 1, 1, 1, 1, 1, 1, 1, 1, 1, 1, 1, 1, 1, 1, 1, 1, 1, 1, 0.998, 0.999, 0.991, 0.992, 0.972, 0.947
1, 1, 1, 1, 1, 1, 1, 1, 1, 1, 1, 1, 1, 1, 1, 1, 1, 0.998, 0.994, 0.994, 0.99, 0.963, 0.938, 0.885, 0.843
1, 1, 1, 1, 1, 1, 1, 1, 1, 1, 1, 1, 1, 1, 1, 1, 0.995, 0.995, 0.986, 0.972, 0.939, 0.885, 0.821, 0.729, 0.677
1, 1, 1, 1, 1, 1, 1, 1, 1, 1, 1, 1, 1, 1, 1, 0.993, 0.982, 0.967, 0.938, 0.893, 0.815, 0.719, 0.629, 0.53, 0.435
1, 1, 1, 1, 1, 1, 1, 1, 1, 1, 1, 1, 1, 1, 0.996, 0.969, 0.928, 0.886, 0.812, 0.723, 0.626, 0.491, 0.39, 0.277, 0.197
1, 1, 1, 1, 1, 1, 1, 1, 1, 1, 1, 1, 1, 0.994, 0.942, 0.86, 0.747, 0.715, 0.568, 0.473, 0.329, 0.225, 0.167, 0.098, 0.078
1, 1, 1, 0.999, 0.999, 1, 1, 1, 1, 0.999, 1, 1, 0.992, 0.887, 0.73, 0.585, 0.458, 0.343, 0.252, 0.165, 0.119, 0.06, 0.038, 0.023, 0.004
0.814, 0.788, 0.788, 0.785, 0.783, 0.771, 0.799, 0.757, 0.727, 0.709, 0.67, 0.633, 0.528, 0.256, 0.164, 0.101, 0.059, 0.044, 0.033, 0.011, 0.009, 0.006, 0.002, 0.002, 0.001
0, 0, 0, 0, 0, 0, 0, 0, 0.001, 0.002, 0.005, 0.013, 0.077, 0.141, 0.206, 0.265, 0.295, 0.335, 0.362, 0.379, 0.388, 0.4, 0.419, 0.412, 0.495
0, 0, 0, 0, 0, 0, 0, 0.001, 0.004, 0.013, 0.046, 0.171, 0.494, 0.675, 0.787, 0.859, 0.899, 0.932, 0.92, 0.942, 0.949, 0.945, 0.945, 0.964, 0.973
0, 0, 0, 0, 0, 0, 0.003, 0.008, 0.018, 0.062, 0.161, 0.464, 0.736, 0.864, 0.937, 0.974, 0.973, 0.988, 0.991, 0.989, 0.994, 0.991, 0.993, 0.998, 0.999
0, 0, 0, 0.001, 0.001, 0.006, 0.017, 0.041, 0.062, 0.156, 0.36, 0.732, 0.9, 0.952, 0.986, 0.992, 0.999, 0.999, 0.996, 0.996, 1, 1, 0.999, 1, 1
0, 0, 0, 0.007, 0.016, 0.023, 0.045, 0.096, 0.148, 0.32, 0.667, 0.853, 0.961, 0.99, 0.995, 0.997, 1, 1, 0.999, 1, 0.999, 1, 1, 1, 1
0.003, 0.009, 0.012, 0.026, 0.038, 0.072, 0.141, 0.2, 0.326, 0.611, 0.863, 0.943, 0.984, 1, 0.998, 1, 1, 1, 1, 1, 1, 1, 1, 1, 1
0.008, 0.017, 0.04, 0.062, 0.116, 0.163, 0.297, 0.395, 0.575, 0.845, 0.942, 0.989, 0.993, 0.998, 0.999, 0.999, 1, 1, 1, 1, 1, 1, 1, 1, 1
0.034, 0.057, 0.104, 0.164, 0.24, 0.322, 0.421, 0.583, 0.841, 0.943, 0.987, 0.996, 0.998, 0.998, 1, 1, 1, 1, 1, 1, 1, 1, 1, 1, 1
0.115, 0.151, 0.209, 0.297, 0.389, 0.549, 0.645, 0.842, 0.917, 0.981, 0.997, 0.998, 0.999, 1, 1, 1, 1, 1, 1, 1, 1, 1, 1, 1, 1
0.221, 0.302, 0.398, 0.494, 0.597, 0.697, 0.825, 0.938, 0.979, 0.997, 0.999, 1, 1, 1, 1, 1, 1, 1, 1, 1, 1, 1, 1, 1, 1
0.342, 0.481, 0.58, 0.648, 0.753, 0.845, 0.951, 0.986, 0.996, 0.999, 1, 1, 1, 1, 1, 1, 1, 1, 1, 1, 1, 1, 1, 1, 1
0.556, 0.648, 0.743, 0.812, 0.877, 0.944, 0.979, 0.996, 0.998, 1, 1, 1, 1, 1, 1, 1, 1, 1, 1, 1, 1, 1, 1, 1, 1
0.72, 0.829, 0.854, 0.922, 0.953, 0.991, 0.997, 0.999, 1, 1, 1, 1, 1, 1, 1, 1, 1, 1, 1, 1, 1, 1, 1, 1, 1
0.858, 0.9, 0.936, 0.972, 0.989, 0.999, 0.999, 1, 1, 1, 1, 1, 1, 1, 1, 1, 1, 1, 1, 1, 1, 1, 1, 1, 0.999
0.94, 0.961, 0.972, 0.996, 0.995, 1, 1, 1, 1, 1, 1, 1, 1, 1, 1, 1, 1, 1, 1, 1, 1, 1, 1, 1, 1
0.979, 0.983, 0.994, 0.996, 0.999, 1, 1, 1, 1, 1, 1, 1, 1, 1, 1, 1, 1, 1, 1, 1, 1, 1, 0.999, 1, 0.996
0.994, 0.995, 1, 1, 1, 0.999, 1, 1, 1, 1, 1, 1, 1, 1, 1, 1, 1, 1, 1, 1, 0.999, 1, 0.997, 0.994, 0.986
0.996, 0.998, 1, 1, 1, 1, 1, 1, 1, 1, 1, 1, 1, 1, 1, 1, 1, 1, 1, 1, 0.998, 0.991, 0.987, 0.981, 0.954
0.998, 1, 1, 1, 1, 1, 1, 1, 1, 1, 1, 1, 1, 1, 1, 1, 1, 0.996, 1, 0.996, 0.989, 0.965, 0.965, 0.928, 0.861
1, 1, 1, 1, 1, 1, 1, 1, 1, 1, 1, 1, 1, 1, 1, 1, 0.998, 0.995, 0.991, 0.981, 0.959, 0.917, 0.867, 0.802, 0.709
1, 1, 1, 1, 1, 1, 1, 1, 1, 1, 1, 1, 1, 1, 0.998, 1, 0.993, 0.979, 0.957, 0.915, 0.857, 0.758, 0.666, 0.587, 0.493
1, 1, 1, 1, 1, 1, 1, 1, 1, 1, 1, 1, 1, 0.999, 0.998, 0.98, 0.966, 0.915, 0.822, 0.747, 0.647, 0.519, 0.417, 0.335, 0.237
1, 1, 1, 1, 1, 1, 1, 1, 1, 1, 1, 1, 1, 0.995, 0.952, 0.89, 0.816, 0.732, 0.622, 0.441, 0.37, 0.271, 0.194, 0.147, 0.076
1, 1, 1, 1, 1, 1, 1, 1, 1, 0.999, 1, 0.999, 0.997, 0.883, 0.755, 0.615, 0.503, 0.396, 0.306, 0.193, 0.123, 0.094, 0.037, 0.025, 0.021
0.826, 0.83, 0.807, 0.809, 0.798, 0.811, 0.782, 0.767, 0.764, 0.736, 0.687, 0.645, 0.532, 0.247, 0.17, 0.141, 0.092, 0.056, 0.034, 0.02, 0.003, 0.009, 0.001, 0.001, 0.002
0, 0, 0, 0, 0, 0, 0, 0, 0, 0, 0.002, 0.014, 0.063, 0.113, 0.183, 0.231, 0.252, 0.29, 0.317, 0.33, 0.373, 0.367, 0.418, 0.448, 0.452
0, 0, 0, 0, 0, 0, 0, 0.002, 0.006, 0.011, 0.029, 0.13, 0.394, 0.579, 0.717, 0.811, 0.874, 0.886, 0.918, 0.916, 0.938, 0.941, 0.939, 0.961, 0.957
0, 0, 0, 0, 0, 0.001, 0.002, 0.005, 0.015, 0.047, 0.139, 0.411, 0.68, 0.825, 0.914, 0.945, 0.965, 0.988, 0.981, 0.983, 0.99, 0.989, 0.989, 0.989, 0.995
0, 0, 0, 0.001, 0, 0.005, 0.011, 0.032, 0.051, 0.138, 0.353, 0.646, 0.862, 0.928, 0.976, 0.984, 0.987, 0.995, 0.994, 0.998, 0.997, 1, 0.996, 0.999, 1
0, 0, 0.001, 0.001, 0.006, 0.011, 0.043, 0.061, 0.133, 0.282, 0.589, 0.83, 0.928, 0.975, 0.985, 0.996, 0.997, 0.999, 0.999, 1, 1, 1, 0.999, 1, 1
0.001, 0.001, 0.007, 0.013, 0.026, 0.054, 0.102, 0.168, 0.292, 0.551, 0.796, 0.917, 0.972, 0.985, 0.997, 1, 1, 0.998, 1, 1, 1, 1, 1, 0.999, 1
0.005, 0.011, 0.039, 0.038, 0.078, 0.128, 0.213, 0.334, 0.529, 0.783, 0.918, 0.975, 0.996, 0.998, 1, 1, 1, 1, 1, 1, 1, 1, 1, 1, 1
0.027, 0.045, 0.073, 0.121, 0.193, 0.3, 0.36, 0.531, 0.773, 0.919, 0.975, 0.99, 0.998, 0.999, 1, 1, 1, 1, 1, 1, 1, 1, 1, 1, 1
0.076, 0.124, 0.177, 0.226, 0.334, 0.445, 0.616, 0.781, 0.917, 0.965, 0.99, 0.995, 1, 1, 1, 1, 1, 1, 1, 1, 1, 1, 1, 1, 1
0.179, 0.22, 0.314, 0.409, 0.524, 0.651, 0.768, 0.906, 0.981, 0.99, 0.999, 1, 1, 1, 1, 1, 1, 1, 1, 1, 1, 1, 1, 1, 1
0.335, 0.419, 0.482, 0.583, 0.695, 0.801, 0.901, 0.976, 0.993, 0.997, 1, 1, 1, 1, 1, 1, 1, 1, 1, 1, 1, 1, 1, 1, 1
0.496, 0.601, 0.682, 0.775, 0.846, 0.925, 0.983, 0.994, 0.997, 0.999, 1, 1, 1, 1, 1, 1, 1, 1, 1, 1, 1, 1, 1, 1, 1
0.658, 0.762, 0.835, 0.872, 0.94, 0.982, 0.996, 0.998, 1, 1, 1, 1, 1, 1, 1, 1, 1, 1, 1, 1, 1, 1, 1, 1, 1
0.797, 0.84, 0.891, 0.957, 0.982, 0.993, 0.998, 1, 1, 1, 1, 1, 1, 1, 1, 1, 1, 1, 1, 1, 1, 1, 1, 1, 1
0.901, 0.956, 0.965, 0.983, 0.995, 1, 1, 1, 1, 1, 1, 1, 1, 1, 1, 1, 1, 1, 1, 1, 1, 1, 0.999, 1, 1
0.967, 0.976, 0.987, 0.996, 0.998, 0.998, 1, 1, 1, 1, 1, 1, 1, 1, 1, 1, 1, 1, 1, 1, 1, 1, 1, 0.998, 0.997
0.983, 0.994, 0.997, 0.998, 1, 1, 1, 1, 1, 1, 1, 1, 1, 1, 1, 1, 1, 1, 1, 1, 1, 1, 0.999, 0.996, 0.988
0.992, 0.999, 1, 1, 1, 1, 1, 1, 1, 1, 1, 1, 1, 1, 1, 1, 1, 1, 0.999, 0.999, 1, 0.995, 0.996, 0.988, 0.963
0.998, 0.999, 1, 1, 1, 1, 1, 1, 1, 1, 1, 1, 1, 1, 1, 1, 0.999, 1, 0.999, 0.995, 0.987, 0.978, 0.975, 0.938, 0.899
1, 1, 1, 1, 1, 1, 1, 1, 1, 1, 1, 1, 1, 1, 1, 1, 1, 0.996, 0.995, 0.985, 0.963, 0.941, 0.902, 0.834, 0.76
1, 1, 1, 1, 1, 1, 1, 1, 1, 1, 1, 1, 1, 1, 1, 0.998, 0.993, 0.973, 0.962, 0.942, 0.878, 0.818, 0.712, 0.649, 0.536
1, 1, 1, 1, 1, 1, 1, 1, 1, 1, 1, 1, 1, 1, 0.998, 0.982, 0.951, 0.92, 0.871, 0.799, 0.71, 0.603, 0.479, 0.366, 0.284
1, 1, 1, 1, 1, 1, 1, 1, 1, 1, 1, 1, 1, 0.998, 0.953, 0.899, 0.854, 0.762, 0.632, 0.53, 0.4, 0.321, 0.22, 0.157, 0.112
1, 1, 0.999, 1, 1, 1, 1, 1, 1, 1, 1, 1, 0.992, 0.902, 0.766, 0.651, 0.547, 0.469, 0.332, 0.223, 0.149, 0.092, 0.057, 0.039, 0.02
0.822, 0.845, 0.801, 0.82, 0.808, 0.789, 0.799, 0.79, 0.783, 0.763, 0.695, 0.685, 0.617, 0.273, 0.218, 0.122, 0.1, 0.063, 0.029, 0.015, 0.014, 0.009, 0, 0.002, 0.001